smiles,log2VDss
OS(=O)(=O)CCCNC(=O)C,-1.7369655941662063
CNCCC=C1c2ccccc2CCc3ccccc13,4.459431618637297
CC[C@@]1(c2cc-3n(c(=O)c2COC1=O)Cc4c3nc5cc6c(cc5c4CN7CCN(CC7)C)OCCO6)O,2.2539892662307865
CC[C@]1(O)C[C@@H]2CN(CCc3c([nH]c4ccccc34)[C@@](C2)(C(=O)OC)c5cc6c(cc5OC)N(C=O)[C@H]7[C@](O)([C@H](OC(=O)C)[C@]8(CC)C=CCN9CC[C@]67[C@H]89)C(=O)OC)C1,1.2630344058337937
c1(C(NCCO[N+](=O)[O-])=O)cccnc1,0.48542682717024166
CCN(CC)CC(=O)Nc1c(C)cccc1C,0.8479969065549501
c12c3C=4[C@H]([N@@](C[C@@H](C4)C(N[C@@H](CC)CO)=O)C)Cc1c[nH]c2ccc3,-0.058893689053568565
CCC(=O)NC[C@@H]1C[C@H]1c2cccc3c2CCO3,-1.5994620704162712
C1(CC1)(c1c(cc2c(=O)c(cn3[C@H](COc1c23)C)C(O)=O)F)N,-0.5563933485243852
CO\N=C(/C(=O)N[C@H]1[C@H]2SCC(=C(N2C1=O)C(=O)[O-])C[N+]3(C)CCCC3)\c4csc(N)n4,-1.8365012677171204
CCCCc1nc(c(c(=O)n1Cc2ccc(cc2)c3ccccc3c4[nH]nnn4)CC(=S)N(C)C)C,-0.7369655941662062
C=1(CCC(OC)=O)c2cc3c(c(c(cc4nc(cc5C=6[C@@]([C@@H](C(=CC6)C(OC)=O)C(=O)OC)(c([nH]5)cc(n2)C1C)C)C(C)=C4C=C)[nH]3)C)CCC(O)=O,-0.6665762662748083
CN1CCN(CC1)C2=Nc3cc(Cl)ccc3Nc4ccccc24,0.6780719051126377
c1(cccc2c1C(c1c(O)c3c(c(c1C2=O)O)C[C@](C(CO)=O)(O)C[C@@H]3O[C@H]1C[C@@H]([C@@H]([C@@H](O1)C)O)[N@]1CCO[C@@H](C1)OC)=O)OC,5.614709844115208
CC(C)N(CC[C@H](c1ccccc1)c2cc(C)ccc2O)C(C)C,0.5849625007211562
C1(C=C[C@@]2(C3=CC[C@@]4([C@H]([C@@H](C[C@@H]4[C@@H]3CCC2=C1)C)C(CN1CCN(CC1)c1nc(nc(c1)N1CCCC1)N1CCCC1)=O)C)C)=O,3.292781749227846
CC(=O)O[C@H]1C(=O)[C@]2(C)[C@@H](O)C[C@H]3OC[C@@]3(OC(=O)C)[C@H]2[C@H](OC(=O)c4ccccc4)[C@]5(O)C[C@H](OC(=O)[C@H](O)[C@@H](NC(=O)c6ccccc6)c7ccccc7)C(=C1C5(C)C)C,1.584962500721156
CC(C)NC(=O)NS(=O)(=O)c1cnccc1Nc2cccc(C)c2,-2.2515387669959646
COc1c(N2C[C@@H]3CCCN[C@@H]3C2)c(F)cc4C(=O)C(=CN(C5CC5)c14)C(=O)O,0.48542682717024166
CN1CCc2cc3c(c(c2[C@@H]1[C@@H]4c5ccc(c(c5C(=O)O4)OC)OC)OC)OCO3,1.2016338611696504
CC(Oc1ccccc1)C(=O)N[C@H]2[C@H]3SC(C)(C)[C@@H](N3C2=O)C(=O)O,-1.7369655941662063
c1cc(cc(c1)[C@@H]([C@@H](C)CN(C)C)CC)O,2.2141248053528475
C1CC1C(C2CC2)NC3=NCCO3,2.169925001442312
CC(C)(C)NC(=O)[C@@H]1C[C@@H]2CCCC[C@@H]2CN1C[C@@H](O)[C@H](Cc3ccccc3)NC(=O)[C@H](CC(=O)N)NC(=O)c4ccc5ccccc5n4,1.84799690655495
CC(Cn1cnc2c1c(=O)n(c(=O)n2C)C)O,-0.7612131404128835
c1(ccncc1)N,1.3785116232537298
O1[C@@H](O[C@@]23[C@@]4([C@@H]([C@@]5(C[C@@]2(C)O[C@@H]4O5)O)C3)COC(=O)c2ccccc2)[C@@H]([C@H]([C@@H]([C@H]1CO)O)O)O,-2.1844245711374275
CCC#CC[C@H](C)[C@H](O)C#C[C@H]1[C@H](O)C[C@@H]2C\C(=C/COCC(=O)O)\C[C@H]12,-3.643856189774725
NC1=NC(=O)N(C=C1)[C@@H]2CO[C@H](CO)O2,0.0
c1cn(c(=O)nc1N)[C@@H]2CO[C@@H](S2)CO,-0.25153876699596445
C1[C@@](C[C@H]([C@H]([C@@H]1OC(\C=C\c1cc(c(cc1)O)O)=O)OC(\C=C\c1cc(c(cc1)O)O)=O)O)(C(=O)O)O,-0.6665762662748083
CC1=C(CCN2CCC(CC2)c3noc4cc(F)ccc34)C(=O)N5CCCCC5=N1,0.13750352374993502
CC(C(c1ccc(cc1)O)O)N2CCC(CC2)Cc3ccccc3,4.2471680003747725
n1(Cc2ccc(cc2)F)c(N2CCC(CC2)N(C)c2nccc([nH]2)=O)nc2c1cccc2,-1.3959286763311392
CC(=O)OCC1=C(N2[C@H](SC1)[C@H](NC(=O)Cc3cccs3)C2=O)C(=O)O,-3.8365012677171206
O=C1CN(\N=C\c2oc(cc2)c3ccc(cc3)N(=O)=O)C(=O)N1,-1.434402824145775
CC(C)Cc1ccc(cc1)C(C)C(=O)O,-2.736965594166206
COc1cc2ncnc(Nc3ccc(F)c(Cl)c3)c2cc1OCCCN4CCOCC4,4.523561956057013
OC(CCN1CCCC1)(C2CCCCC2)c3ccccc3,-0.4344028241457749
c1cc(ccc1O)[C@@H](CN(C)C)C1(CCCCC1)O,1.8073549220576042
C1=2[C@H]([C@H]3[C@]([C@@](C#CC)(O)CC3)(C)C[C@@H]1c1ccc(N(C)C)cc1)CCC=1C2CCC(C1)=O,-1.15200309344505
Clc1ccc2N(C3CCN(CCCN4C(=O)Nc5ccccc45)CC3)C(=O)Nc2c1,1.765534746362977
Cc1ccnc2N(C3CC3)c4ncccc4C(=O)Nc12,0.37851162325372983
c1(ccc(cc1)CCCCCCCC)CCC(CO)(N)CO,4.112700132749362
[Si](C(C)(C)C)(C)(C)C(=C1C(C(N(C1)C(=O)C1=C2[C@](CC)(O)C(OC1)=O)=C2)=N1)C(C1=CC1)=CC=1O,-1.0892673380970874
CCOC(=O)C1=C(C)NC(=C(C1c2cccc(Cl)c2Cl)C(=O)OC)C,2.137503523749935
CCCC(=O)OCOC(=O)C1=C(C)NC(=C(C1c2cccc(Cl)c2Cl)C(=O)OC)C,-0.7858751946471527
NC1=Nc2c(ncn2COCCO)C(=O)N1,-0.4941090702700427
Cc1cc(O)c2C(=O)c3c(O)cc(O)c4c5c(O)cc(O)c6C(=O)c7c(O)cc(CO)c8c1c2c(c34)c(c56)c78,-0.8365012677171204
NC12CC3CC(CC(C3)C1)C2,2.722466024471091
c1(c(cc(Cl)c(c1)N)C(NCCN(CC)CC)=O)O[C@@H](C(C)=O)C,0.5849625007211562
Nc1ccc(O)c(c1)C(=O)O,-1.5994620704162712
OCCN1CCN(CCCN2c3ccccc3Sc4ccc(Cl)cc24)CC1,4.169925001442312
CC1=C(N2[C@H](SC1)[C@H](NC(=O)[C@H](N)c3ccccc3)C2=O)C(=O)O,-2.2515387669959646
C(C(C)(c1ccc(cc1)CCN1CCC(CC1)c1nc2c(n1CCOCC)cccc2)C)(=O)O,-0.7131188522118385
O=C1CCC(N2C(=O)c3ccccc3C2=O)C(=O)N1,-0.07400058144377693
COc1cccc(OC)c1C(=O)N[C@H]2[C@H]3SC(C)(C)[C@@H](N3C2=O)C(=O)O,-1.6438561897747246
CCC(=O)N(c1ccccc1)C2(COC)CCN(CCc3cccs3)CC2,3.232660756790275
CCCCCOc1ccc(cc1)c2ccc(cc2)c3ccc(cc3)C(=O)N[C@H]4C[C@@H](O)[C@@H](O)NC(=O)[C@@H]5[C@@H](O)[C@@H](C)CN5C(=O)[C@@H](NC(=O)C(NC(=O)[C@@H]6C[C@@H](O)CN6C(=O)C(NC4=O)[C@@H](C)O)[C@H](O)[C@@H](O)c7ccc(O)cc7)[C@@H](C)O,-0.8109661756099832
CCC(=O)C(CC(C)N(C)C)(c1ccccc1)c2ccccc2,2.137503523749935
CC(C(=O)O)c1cccc(c1)C(=O)c2ccccc2,-2.9434164716336326
N[C@@H](Cc1ccc(cc1)N(CCCl)CCCl)C(=O)O,-1.0588936890535685
FC(F)(F)COc1ccc(OCC(F)(F)F)c(c1)C(=O)NCC2CCCCN2,2.608809242675524
c1([C@@H](c2ccccc2)CC)c(c2c(cccc2)oc1=O)O,-2.321928094887362
O[C@@H](CNC[C@H](O)[C@H]1CCc2cc(F)ccc2O1)[C@@H]3CCc4cc(F)ccc4O3,3.4594316186372973
CCCCCNC(=N)N\N=C\c1c[nH]c2ccc(OC)cc12,2.4059923596758366
COc1ccc(cc1)C(=O)Nc2ccccc2CCC3CCCCN3C,1.1375035237499351
C1C(=Cc2c(O1)cc(cc2)O)c1ccc(cc1)O,0.632268215499513
c1(N(CC(CN(c2c(c(c(I)c(c2I)C(NC[C@@H](CO)O)=O)C(NC[C@@H](CO)O)=O)I)C(C)=O)O)C(C)=O)c(c(c(I)c(c1I)C(NC[C@@H](CO)O)=O)C(NC[C@@H](CO)O)=O)I,-2.321928094887362
CN(C)C(=O)Oc1cccc(c1)[N+](C)(C)C,-0.4344028241457749
Cc1c(c(c(cn1)CO)CO)O.C1CC(=O)N[C@@H]1C(=O),-0.5994620704162712
c1(c(ccc(c1)[C@@H]1CNC(C1)=O)OC)OC1CCCC1,-0.5777669993169522
OC(=O)c1cc(ccc1O)c2ccc(F)cc2F,-3.365871442474959
Cn1cc(NC(=O)Nc2cc(C(=O)Nc3cc(C(=O)Nc4ccc5cc(cc(c5c4)S(=O)(=O)O)S(=O)(=O)O)n(C)c3)n(C)c2)cc1C(=O)Nc6cc(C(=O)Nc7ccc8cc(cc(c8c7)S(=O)(=O)O)S(=O)(=O)O)n(C)c6,-1.8889686876112561
CCN(CC)Cc1cc(ccc1O)Nc2ccnc3c2ccc(c3)Cl,4.121015400961366
C[C@H]1[C@H]([C@H](C[C@@H](O1)O[C@H]2C[C@@](Cc3c2c(c4c(c3O)C(=O)c5cccc(c5C4=N)OC)O)(C(=O)CO)O)N)O,3.949534933017012
CNCC[C@@H](Oc1ccccc1C)c2ccccc2,-0.23446525363702297
CC(O)C(CO)NC(=O)C1CSSCC(NC(=O)C(N)CC2=CC=CC=C2)C(=O)NC(CC2=CC=CC=C2)C(=O)NC(CC2=CNC3=C2C=CC=C3)C(=O)NC(CCCCN)C(=O)NC(C(C)O)C(=O)N1,-2.395928676331139
NC(=O)CC[C@@H]1NC(=O)[C@H](Cc2ccccc2)NC(=O)[C@H](Cc3ccc(O)cc3)NC(=O)CCSSC[C@H](NC(=O)[C@H](CC(=O)N)NC1=O)C(=O)N4CCC[C@H]4C(=O)N[C@H](CCCNC(=N)N)C(=O)NCC(=O)N,-1.7369655941662063
COc1ccc(cc1)c2nc3cc(ccc3[nH]2)C4=NNC(=O)CC4C,1.0
ClCCN(CCCl)P1(=O)NCCCO1,-0.4540316308947075
Cc1onc(c1C(=O)N[C@H]2[C@H]3SC(C)(C)[C@@H](N3C2=O)C(=O)O)c4c(Cl)cccc4Cl,-3.1844245711374275
CC[C@@H](c1cc(c(c(c1)OC)OC)OC)C(=O)N2CCCC[C@H]2C(=O)O[C@H](CCc3ccc(c(c3)OC)OC)c4cccc(c4)OCC(=O)NCCNC(=O)COc5cccc(c5)[C@@H](CCc6ccc(c(c6)OC)OC)OC(=O)[C@@H]7CCCCN7C(=O)[C@@H](CC)c8cc(c(c(c8)OC)OC)OC,-0.2863041851566411
C[C@@H]1O[C@@H]1P(=O)(O)O,-1.6438561897747246
Cc1nnc(SCC2=C(N3[C@H](SC2)[C@H](NC(=O)[C@H](O)c4ccccc4)C3=O)C(=O)O)s1,-2.9434164716336326
O[C@H]1CO[C@@H]2[C@@H](CO[C@H]12)ON(=O)=O,-0.5145731728297583
c1(c(ccc(c1)OC)OC)[C@@H](CNC(CN)=O)O,-0.5777669993169522
c12n(C)c(CCCC(=O)O)nc1cc(N(CCCl)CCCl)cc2,-2.1844245711374275
c12c(CC[C@@H](C1)[N@@](CCc1cccs1)CCC)c(ccc2)O,2.5109619192773796
Oc1ccc2C[C@H]3N(CC4CC4)CC[C@@]56[C@@H](Oc1c25)C(=C)CC[C@@]36O,3.035623909730721
[H]OC[C@@H](C(=O)OC1C[C@@H]2CC[C@H](C1)[N+]2(C)C(C)C)c1ccccc1,2.350497247084133
CCCCCCCN(CC)CCCC(O)c1ccc(NS(=O)(=O)C)cc1,3.584962500721156
c1ccc(c(c1Nc1ccccc1C(=O)O)C)Cl,-2.643856189774725
CC(C)(C)NC(=O)[C@H]1CC[C@H]2[C@@H]3CC[C@H]4NC(=O)C=C[C@]4(C)[C@H]3CC[C@]12C,0.13750352374993502
CN(C)CCCN1c2ccccc2CCc3ccc(Cl)cc13,3.700439718141092
c1(c([nH]c([nH]1)=O)CC)C(c1ccncc1)=O,-0.6214883767462701
CN(C)[C@H]1[C@@H]2C[C@H]3C(=C(O)[C@]2(O)C(=O)C(=C1O)C(=O)NCN4CCCC4)C(=O)c5c(O)cccc5[C@@]3(C)O,-0.888968687611256
NC1=NC(=O)N(C=C1)[C@@H]2CS[C@H](CO)O2,0.37851162325372983
C1=CC([C@@H](C[C@@H]([C@@H]([C@@H](C)[C@@H](CC(O[C@@H]([C@@H](C)[C@@H]2O[C@@]12C)CC)=O)O)O[C@@H]1O[C@@H](C[C@@H]([C@@H]1O)N(C)C)C)CC=O)C)=O,1.5008020530571577
CCN(CC)CCNC(=O)c1cc(Br)c(N)cc1OC,1.632268215499513
CN1C(=O)C(O)N=C(c2ccccc2Cl)c3cc(Cl)ccc13,0.6780719051126377
C(=O)(c1ccc(c(c1)OCC1CC1)OC(F)F)Nc1c(cncc1Cl)Cl,0.9411063109464314
C(CON(=O)=O)N1COc2ccccc2C1=O,-0.5563933485243852
C(CC(C)(N)C)(N[C@H](C(N[C@@H](Cc1c[nH]cn1)C(N[C@H]([C@H]([C@@H](O)CC(C)C)O)CC1CCCCC1)=O)=O)Cc1ccc(cc1)OC)=O,-3.1844245711374275
c12ccccc1c(c(c(n2)C1CC1)\C=C\[C@H](C[C@H](CC(=O)O)O)O)c1ccc(cc1)F,-0.15200309344504995
CSCO[C@H]1C[C@H]2OC[C@@]2(OC(=O)C)[C@H]3[C@H](OC(=O)c4ccccc4)[C@]5(O)C[C@H](OC(=O)[C@H](O)[C@@H](NC(=O)c6ccccc6)c7ccccc7)C(=C([C@@H](OC(=O)C)C(=O)[C@]13C)C5(C)C)C,3.4594316186372973
CC[C@@H]1[C@H](N2[C@H]3CC1C4[C@@H]2CC5([C@H]3N(c6c5cccc6)C)[C@@H]4O)O,2.0
CN(CCOc1ccc(NS(=O)(=O)C)cc1)CCc2ccc(NS(=O)(=O)C)cc2,1.722466024471091
CC1(C)S[C@@H]2[C@H](NC(=O)C(C(=O)O)c3ccccc3)C(=O)N2[C@H]1C(=O)O,-2.5563933485243853
c1(c(cc(N)c(c1)Cl)OC)C(N[C@@H]1[C@@H](C[N@@](CCCOc2ccc(F)cc2)CC1)OC)=O,0.2630344058337938
Clc1ccc2NC(=O)CN=C(c3ccccc3)c2c1,-1.15200309344505
C[C@H]1O[C@H](C[C@H](O)[C@@H]1O)O[C@H]2[C@@H](O)C[C@H](O[C@H]3[C@@H](O)C[C@H](O[C@H]4CC[C@@]5(C)[C@H](CC[C@@H]6[C@@H]5C[C@@H](O)[C@]7(C)[C@H](CC[C@]67O)C8=CC(=O)OC8)C4)O[C@@H]3C)O[C@@H]2C,2.035623909730721
O=S(=O)(N1CCCNCC1)c2cccc3cnccc23,0.28688114778816154
c1nccc2C(c3c(C(c12)=O)c(ccc3NCCN)NCCN)=O,3.3362833878644325
CN[C@@H]1[C@@H](O)[C@@H](O[C@H]2[C@H](N)C[C@H](N)[C@@H](O[C@H]3O[C@@H](CC[C@H]3N)[C@@H](C)N)[C@@H]2O)OC[C@]1(C)O,-1.5994620704162712
C1(c2cc(c(OC)cc2CN1CCC[N@@](CCc1cc(c(cc1)OC)OC)C)OC)=O,1.2630344058337937
C\C=C\1/NC(=O)[C@H]2CSSCC\C=C\[C@H](CC(=O)N[C@H](C(C)C)C(=O)N2)OC(=O)[C@@H](NC1=O)C(C)C,0.2630344058337938
n1(c2c(nc1)[C@@H](CNC=N2)O)[C@@H]1O[C@H]([C@@H](C1)O)CO,-0.7612131404128835
c1ccc2c(C3(CCC2c2ccccc32)C[C@H](CNC)O)c1,4.232660756790275
[C@H]12[C@H]3[C@@]([C@H]([C@@H](C3)C)C(=O)CO)(C[C@@H]([C@@H]1[C@@]1(C(=CC(=O)C=C1)[C@H](C2)F)C)O)C,-0.5563933485243852
CN1CC[C@]23[C@H]4Oc5c(O)ccc(C[C@@H]1[C@@H]2C=C[C@@H]4O[C@@H]6O[C@@H]([C@@H](O)[C@H](O)[C@H]6O)C(=O)O)c35,-3.0588936890535687
CC[C@]12CC[C@H]3[C@@H](CCC4=CC(=O)CC[C@H]34)[C@@H]1CC[C@@]2(O)C#C,0.5849625007211562
[H]N([H])[C@@H]1[C@@H]([C@@H](O[C@@H]2C[C@H]3[C@H](C(=O)O[H])[C@H](C[C@@](C[C@H](C[C@H]([C@@H](CC[C@H](C[C@H](CC(=O)O[C@@H](C)[C@H](C)[C@@H]([C@@H](C)C=CC=CC=CC=CC=CC=CC=C2)O[H])O[H])O[H])O[H])O[H])O[H])(O[H])O3)O[H])O[C@H](C)[C@H]1O[H])O[H],-0.6896598793878495
c1(c(ncn1CC)C(NC)=O)C(NC)=O,-0.4540316308947075
COCC(=O)Nc1c(I)c(C(=O)NCC(O)CO)c(I)c(C(=O)N(C)CC(O)CO)c1I,-2.1844245711374275
Cc1ccsc1C(=CCCN2CCC[C@H](C2)C(=O)O)c3sccc3C,0.13750352374993502
CC(Cc1ccc(O)cc1)NCC(O)c2cc(O)cc(O)c2,0.2630344058337938
[H]N(c1c(c(nc(c2ccnc(c2)c2nnnn2[H])n1)OCCO[H])Oc1ccccc1OC)S(c1ccc(C)cn1)(=O)=O,-2.1202942337177118
c1([n+](cccc1)C)\C=N\O,-0.3219280948873623
CCN[C@@H](C)Cc1cccc(c1)C(F)(F)F,3.4594316186372973
c1cc(c(cc1Cl)Cl)COC(Cn2ccnc2)c3ccc(cc3Cl)Cl,2.835924074254375
C[C@H]([C@@H]1[C@@H]2N(C1=O)C(=C(S2)CN)C(=O)O)O,-2.1202942337177118
NS(=O)(=O)c1cc(ccc1Cl)C2(O)NC(=O)c3ccccc23,1.9634741239748859
CN\C(=C/N(=O)=O)\NCCSCc1csc(CN(C)C)n1,0.0
COCC(=O)O[C@]1(CCN(C)CCCc2nc3ccccc3[nH]2)CCc4cc(F)ccc4[C@@H]1C(C)C,1.632268215499513
C(CCC(NCCCCCN(C(C)=O)O)=O)(N(CCCCCNC(CCC(N(CCCCCN)O)=O)=O)O)=O,0.43295940727610627
CC(C)NCC(O)COc1cccc2[nH]ccc12,0.2630344058337938
c12c(C(C(C)=C(C1=O)C\C=C(\CCC[C@@H](CCC[C@@H](CCCC(C)C)C)C)C)=O)cccc2,-1.6438561897747246
CN1C2CCC1CC(=C3c4ccccc4CSc5c3cccc5)C2,3.5668151540108965
COc1ccc(C[C@@H]2c3cc(OC)c(OC)cc3CC[N@+]2(C)CCC(=O)OCCCCCOC(=O)CC[N@@+]4(C)CCc5cc(OC)c(OC)cc5[C@H]4Cc6ccc(OC)c(OC)c6)cc1OC,-2.8365012677171206
O=C1C(CCS(=O)c2ccccc2)C(=O)N(N1c3ccccc3)c4ccccc4,-3.0588936890535687
C[C@@H]1O[C@H](C[C@H](N)[C@@H]1O)O[C@H]2C[C@@](O)(Cc3c(O)c4C(=O)c5ccccc5C(=O)c4c(O)c23)C(=O)C,5.247927513443585
CCC1=C[C@@H]2CN(CCc3c([nH]c4ccccc34)[C@@](C2)(C(=O)OC)c5cc6c(cc5OC)N(C)[C@H]7[C@](O)([C@H](OC(=O)C)[C@]8(CC)C=CCN9CC[C@]67[C@H]89)C(=O)OC)C1,3.584962500721156
COc1ccc(CC2c3cc(OC)c(OC)cc3CC[N+]2(C)CCC(=O)OCCCCCOC(=O)CC[N+]4(C)CCc5cc(OC)c(OC)cc5C4Cc6ccc(OC)c(OC)c6)cc1OC,-3.321928094887362
n1([nH]c(nc1=O)C[N@@]1[C@H]([C@H](OCC1)O[C@H](C)c1cc(cc(c1)C(F)(F)F)C(F)(F)F)c1ccc(cc1)F)P(=O)(O)O,-3.8365012677171206
CCN1N=NN(CCN2CCC(COC)(CC2)N(C(=O)CC)c3ccccc3)C1=O,-1.15200309344505
C[C@H](N[C@@H](CCc1ccccc1)C(=O)O)C(=O)N2Cc3ccccc3C[C@H]2C(=O)O,-2.9434164716336326
CN(C)CCN(Cc1cccs1)c2ccccn2,1.722466024471091
C(P(O)(O)=O)(P(O)(O)=O)(Cl)Cl,-0.18442457113742744
NC(=O)c1cc[n+](CC2=C(N3[C@H](SC2)[C@H](NC(=O)[C@@H](c4ccccc4)S(=O)(=O)O)C3=O)C(=O)[O-])cc1,-1.7858751946471527
C([C@@H](N[C@H]1CCc2c(cccc2)N(CC(O)=O)C1=O)CCCCN)(O)=O,0.9855004303048849
C(=O)(NC(=N)N)c1c(n(nc1)c1c2c(ccc1)nccc2)C1CC1,0.765534746362977
[H]N1Cc2cc(ccc2[C@H]1C)c1ccc2C(C(=CN(C3CC3)c2c1OC(F)F)C(=O)O[H])=O,0.0
CCCCCCCCOCCOC(=O)CN(CC(=O)O)c1ccccc1OCCOc2ccccc2N(CC(=O)O)CC(=O)OCCOCCCCCCCC,0.13750352374993502
c12c3c4c(ccc(c4O)O)C[C@H]1[N@@](CCc2ccc3)C,0.6780719051126377
c1(c(cc(OC)c(c1)OC)OC)\C=C\C,0.0
c1(c2c(cccc2)[nH]c1)C[C@@H](NC([C@@H](Cc1c[nH]cn1)NC([C@@H]1CCC(N1)=O)=O)=O)C(N[C@@H](C(N[C@@H](Cc1ccc(O)cc1)C(N[C@@H](Cc1cc2c(cccc2)cc1)C(N[C@@H](C(N[C@@H](C(N1[C@@H](CCC1)C(NCC(N)=O)=O)=O)CCCNC(N)=N)=O)CC(C)C)=O)=O)=O)CO)=O,-2.8365012677171206
C[C@@H]1CC[C@H]2[C@@H](C)[C@H](OC(=O)CCC(=O)O)O[C@@H]3O[C@@]4(C)CC[C@@H]1[C@@]23OO4,3.9068905956085187
CC(C)C[C@H](NC(=O)[C@@H](Cc1c[nH]c2ccccc12)NC(=O)[C@H](Cc3ccc(O)cc3)NC(=O)[C@H](CO)NC(=O)[C@H](Cc4c[nH]c5ccccc45)NC(=O)[C@H](Cc6c[nH]cn6)NC(=O)[C@@H]7CCC(=O)N7)C(=O)N[C@@H](CCCNC(=N)N)C(=O)N8CCC[C@H]8C(=O)NCC(=O)N,-1.3219280948873622
Clc1ccc2nsnc2c1NC3=NCCN3,1.2630344058337937
c12c(c(c(C\C=C(\CCC(O)=O)C)c(c1C)OC)O)C(=O)OC2,-0.3770696490798233
c1ccc(cc1)C(c2ccccc2)(C(=O)O[C@@H]3C[C@@H]4CCC(C3)[N+]45CCCC5)O,2.350497247084133
c1cc(ccc1Cl)SC(P(O)(O)=O)P(O)(O)=O,-2.1202942337177118
P(=O)(OCC)(OCC)C(NC(=O)N(CCCl)N=O)C,-0.6896598793878495
CCC(=O)C1(CCN(C)CC1)c2cccc(O)c2,-1.0588936890535685
O=S(=O)(O)c1c(O)ccc(O)c1,-3.0588936890535687
O=C1NCC2(CCN(CCc3ccccc3)CC2)O1,1.584962500721156
[H]N([H])C1(CC1)C(=O)O[H],-0.4540316308947075
C[C@@H]1C[C@H]2[C@@H]3CCC4=CC(=O)C=C[C@]4(C)[C@@]3(F)[C@@H](O)C[C@]2(C)[C@@]1(O)C(=O)CO,-0.08926733809708741
CN1[C@@H]2C[C@H](C[C@H]1[C@@H]3O[C@H]23)OC(=O)[C@H](CO)c4ccccc4,1.632268215499513
C[C@H]1CCC[C@@]2(C)O[C@H]2C[C@H](NC(=O)C[C@H](O)C(C)(C)C(=O)[C@H](C)[C@H]1O)\C(=C\c3csc(C)n3)\C,3.4594316186372973
c1cc(ccc1C(CC(=O)O)CN)C,-0.6214883767462701
NC1=NC(=O)N(C=N1)[C@@H]2O[C@H](CO)[C@@H](O)[C@H]2O,-1.0892673380970874
C[C@]12CC[C@H]3[C@@H](CCc4cc(O)ccc34)[C@@H]1CC[C@@]2(OS(=O)(=O)O)C#C,-0.7131188522118385
C(C(F)(F)F)(C(F)(F)F)(F)F,0.6780719051126377
C[C@H](c1c[nH]cn1)c2cccc(C)c2C,0.6780719051126377
C1CCCC(CC1)NC(P(=O)(O)O)P(=O)(O)O,-2.0588936890535687
CCOC(=O)C1=C(C)NC(=C(C1c2cccc(c2)N(=O)=O)C(=O)OC)C,2.608809242675524
CC1(C)S[C@@H]2[C@H](NC(=O)[C@H](N)c3ccc(O)cc3)C(=O)N2[C@H]1C(=O)O,-2.0
CC[C@@H]1NC(=O)[C@H]([C@H](O)[C@H](C)C\C=C\C)N(C)C(=O)[C@H](C(C)C)N(C)C(=O)[C@H](CC(C)C)N(C)C(=O)[C@@H](CC(C)C)N(C)C(=O)[C@@H](C)NC(=O)[C@H](C)NC(=O)[C@H](CC(C)C)N(C)C(=O)[C@@H](NC(=O)[C@H](CC(C)C)N(C)C(=O)CN(C)C1=O)C(C)C,1.722466024471091
O[C@H]1[C@@H](O[C@@H]([C@@H]([C@@H]1O)O)CO)n1c(=O)[nH]c(=O)c(c1)F,-1.5994620704162712
CCOC(=O)[C@H]1[C@H](C[C@@H]2CC[C@H]1N2C)OC(=O)c3ccccc3,0.6780719051126377
[H]N(C(CC(C)(C)N([H])[H])=O)[C@@H]1CCc2ccccc2N(Cc2ccc(cc2)c2ccccc2c2nnnn2[H])C1=O,-2.321928094887362
C1(C=C[C@@]2([C@H]3[C@H](C[C@@]4([C@@]5([C@@H](C[C@@H]4[C@@H]3CCC2=C1)O[C@H](C1CCCCC1)O5)C(COC(C(C)C)=O)=O)C)O)C)=O,1.5360529002402097
NS(=O)(=O)c1cc(C(=O)O)c(NCc2occc2)cc1Cl,-3.0588936890535687
CCCCNc1cc(cc(c1Oc2ccccc2)S(=O)(=O)N)C(=O)O,-2.643856189774725
CC[C@@]1(O)C(=O)OCC2=C1C=C3N(Cc4cc5c(CN(C)C)c(O)ccc5nc34)C2=O,0.8479969065549501
C[C@@H]1CC2=CC(=O)CC[C@@H]2[C@H]3CC[C@]4(C)[C@@H](O)CC[C@H]4[C@H]13,-0.3219280948873623
CO[C@H]1\C=C\O[C@@]2(C)Oc3c(C)c(O)c4c(O)c(NC(=O)\C(=C\C=C\[C@H](C)[C@H](O)[C@@H](C)[C@@H](O)[C@@H](C)[C@H](OC(=O)C)[C@@H]1C)\C)c(\C=N\N5CCN(C)CC5)c(O)c4c3C2=O,-0.043943347587597055
C[C@@H](O)[C@@H]1[C@H]2[C@@H](C)C(=C(N2C1=O)C(=O)[O-])SC3C[n+]4cncn4C3,-2.321928094887362
CO[C@]1(NC(=O)[C@H](C(=O)O)c2ccc(O)cc2)[C@H]3OCC(=C(N3C1=O)C(=O)O)CSc4nnnn4C,-2.5563933485243853
CC(C)(C)NC(=O)[C@@H]1CN(Cc2cccnc2)CCN1C[C@@H](O)C[C@@H](Cc3ccccc3)C(=O)N[C@@H]4[C@H](O)Cc5ccccc45,-0.2863041851566411
CN(C)CCCC1(OCc2cc(ccc12)C#N)c3ccc(F)cc3,3.584962500721156
CC(=O)O[C@H]1C[C@@H]2CC[C@@H]3[C@H](CC[C@@]4(C)[C@H]3C[C@@H]([C@@H]4OC(=O)C)[N+]5(C)CCCCC5)[C@@]2(C)C[C@@H]1N6CCCCC6,-1.7369655941662063
CN[C@H]1C(=O)N[C@@H]2Cc3ccc(Oc4cc5cc(Oc6ccc(cc6Cl)[C@@H](O)[C@@H]7NC(=O)[C@H](NC(=O)[C@@H]5NC(=O)[C@@H](NC2=O)c8cc(Oc9cc1ccc9O)cc(O)c8Cl)c%10ccc(O)c(c%10)c%11c(O[C@H]%12O[C@H](CO)[C@@H](O)[C@H](O)[C@@H]%12O)cc(O)cc%11[C@H](NC7=O)C(=O)NCCCN(C)C)c4O[C@@H]%13O[C@@H]([C@@H](O)[C@H](O)[C@H]%13NC(=O)CCCCCCCCC(C)C)C(=O)O)cc3,-2.8365012677171206
c1c(n2c(n([C@@H](CC)[C@@H](O)C)nc2)=O)ccc(N2CCN(c3ccc(OC[C@@H]4C[C@](OC4)(Cn4cncn4)c4c(cc(cc4)F)F)cc3)CC2)c1,1.925999418556223
CC(C)N(CC[C@H](C(C=CC=C1)=C1)C1C(=CC=C(C=1)CO)O)C(C)C,1.269033146455237
CN(C)CCCN1c2ccccc2CCc3ccccc13,3.584962500721156
[H]O[C@H]1[C@H](C)O[C@@H](C[C@@H]1OC)O[C@@H]1[C@@H](C)C(=O)O[C@H](C)[C@H](C)[C@@H]([C@@H](C)C([C@]2(C[C@H](C)[C@@H]([C@H]1C)O[C@@H]1[C@@H]([C@@H](C[C@H](C)O1)N(C)C)O[H])CO2)=O)O[H],-0.3770696490798233
CN(C)CCn1nnnc1SCC2=C(N3[C@H](SC2)[C@H](NC(=O)Cc4csc(N)n4)C3=O)C(=O)O,-1.9434164716336324
CC1=C2[C@H](C(=O)[C@@]3([C@H](C[C@@H]4[C@]([C@H]3[C@@H]([C@@]5(C2(C)C)[C@H]([C@@H]1OC(=O)[C@@H]([C@H](CC(C)C)NC(=O)OC(C)(C)C)O)OC(=O)O5)OC(=O)C6=CC=CC=C6)(CO4)OC(=O)C)O)C)OC(=O)C,3.7897292513757694
c12[C@@H]([N@@]3[C@@H]([C@@H]4C[C@@H]([C@@H]([N@@]4C)[C@@H]3Cc1cccc2OC)C(=O)O)C#N)CO,-2.1202942337177118
Clc1cccc(N2CCN(CCCCOc3ccc4CCC(=O)Nc4c3)CC2)c1Cl,2.292781749227846
c1ccn(c2c(cc(Cc3c(nc(nc3)N)N)cc2OCC)OCC)c1,1.3219280948873624
c1cc(sc1)/C(=C/2\c3cc(ccc3N(C2=O)C(=O)N)Cl)/O,-3.1844245711374275
c1(ccc(O)cc1)OC[C@H](CNC(C)C)O,2.097610796626422
S(=O)(=O)(OC[C@@H]([C@H](COS(=O)(=O)C)O)O)C,-0.7612131404128835
CC(CCc1ccccc1)NCC(O)c2ccc(O)c(c2)C(=O)N,2.263034405833794
COc1ccc2Sc3ccccc3N(C[C@H](C)CN(C)C)c2c1,3.584962500721156
CC([N@+]1([C@@H]2C[C@@H](C[C@@H]1CC2)OC(=O)[C@@H](C3CCCC3)c4ccccc4)C)C,0.32192809488736235
[H]OCCN1CCN(CCCN2c3ccccc3Sc3ccc(cc23)C(F)(F)F)CC1,1.5360529002402097
s1c(cnn1)SCC1=C(N2[C@H](SC1)[C@@H](NC(\C(c1csc(n1)N)=N/OC)=O)C2=O)C(=O)O,-2.321928094887362
o1nc(c(c1C)c1ccc(cc1)S(=O)(=O)N)c1ccccc1,-0.4150374992788438
C1(=O)N2[C@@H]([C@H]1[C@H](O)C)SC(COC(N)=O)=C2C(=O)[O-].[Na+],-2.0588936890535687
CCCCN1CCCC1C(=O)Nc2c(cc(cc2C)C)C,0.7907720378619999
c1(c(ccc(c1)S(=O)(=O)N)OC)C(NC[C@@H]1[N@@](CCC1)CC)=O,-0.08926733809708741
C[C@@H]1O[C@H](C[C@H](N)[C@@H]1O)O[C@H]2[C@@H](O)C[C@H](O[C@H]3C[C@@](O)(Cc4c(O)c5C(=O)c6ccccc6C(=O)c5c(O)c34)C(=O)CO)O[C@H]2C,1.2630344058337937
Cc1ncsc1CCCl,2.722466024471091
Cc1ccccc1OCC(O)CNCCOc2ccc(cc2)C(=O)N,2.0
S=C1NC=Nc2[nH]cnc12,0.0
Cc1cc(O)c2C(=O)c3c(O)cc(O)c4c5c(O)cc(O)c6C(=O)c7c(O)cc(C)c8c1c2c(c34)c(c78)c56,-2.0
CC[C@H]1OC(=O)[C@H](C)C(=O)[C@H](C)[C@@H](O[C@@H]2O[C@H](C)C[C@@H]([C@H]2O)N(C)C)[C@@](C)(C[C@@H](C)C(=O)[C@H](C)[C@H]3N(CCCCn4cnc(c4)c5cccnc5)C(=O)O[C@]13C)OC,1.584962500721156
Cn1nnnc1SCC2=C(N3[C@H](SC2)[C@H](NC(=O)[C@H](O)c4ccccc4)C3=O)C(=O)O,-2.643856189774725
COc1ccc(CCN(C)CCCC(C#N)(C(C)C)c2ccc(OC)c(OC)c2)cc1OC,1.8875252707415875
[H]OC([C@@H]1[C@H]([C@@H]([C@H]([C@@H](O1)O[C@@H]1[C@H]([C@@H]([C@@H](C(=O)O[H])O[C@@H]1O[C@@H]1CC[C@@]2(C)C3C(C=C4[C@H]5C[C@@](C)(CC[C@@]5(C)CC[C@]4(C)[C@@]3(C)CC[C@@H]2C1(C)C)C(=O)O[H])=O)O[H])O[H])O[H])O[H])O[H])=O,-3.473931188332412
Brc1ccc2NC(=O)CN=C(c3ccccn3)c2c1,-0.23446525363702297
[H]OC(COc1cccc2C[C@H]3[C@H](CC[C@@H](CCCCC)O[H])[C@H](C[C@H]3Cc12)O[H])=O,-2.1202942337177118
C[C@@]12[C@@H]([C@]3(C)[C@@H](CC2)C(C)(C)[C@H](CC3)O[C@H]2[C@H](O[C@@H]3O[C@H](CO)[C@H]([C@@H]([C@H]3O)O)O)[C@@H](O)[C@@H]([C@H](O2)CO)O)C[C@H]([C@H]2[C@@]1(C)CC[C@@H]2[C@@](O[C@@H]1O[C@H](CO)[C@H]([C@@H]([C@H]1O)O)O)(CCC=C(C)C)C)O,-3.1844245711374275
C(=O)(N)c1cc(N)ccc1,0.925999418556223
CN(C)CCc1c[nH]c2ccc(C[C@H]3COC(=O)N3)cc12,0.8479969065549501
O[C@@H]1[C@@H](C[C@](O)(C[C@H]1OC(=O)\C=C\c2ccc(O)c(O)c2)C(=O)O)OC(=O)\C=C\c3ccc(O)c(O)c3,2.269033146455237
"N([C@@H](C(=O)N[C@H](C(N[C@H](C(N[C@@H](C(N[C@@H](C(=O)N[C@@H](C(N[C@H](C(N[C@H](C(=O)N1[C@H](C(N[C@@H](C(N)=O)C)=O)CCC1)CCCC\N=C(\NCC)NCC)=O)CC(C)C)=O)CCCC\N=C(/NCC)NCC)Cc1ccc(cc1)O)=O)CO)=O)Cc1cccnc1)=O)Cc1ccc(cc1)Cl)Cc1ccc2c(c1)cccc2)C(=O)C
",-2.2515387669959646
CN1C(=O)N(C)c2ncn(C)c2C1=O,-0.6665762662748083
CCC(=O)N(c1ccccc1)C2(CCN(CCC(=O)OC)CC2)C(=O)OC,-1.3219280948873622
c1ccc(cc1)C2(C(=O)NC(=O)N2)c3ccccc3,-1.2175914350726267
COc1cc(CC2c3c(CC[N+]2(C)CCCOC(=O)CCC(=O)OCCC[N+]4(C)CCc5cc(OC)c(OC)c(OC)c5C4Cc6cc(OC)c(OC)c(OC)c6)cc(OC)c(OC)c3OC)cc(OC)c1OC,-2.1844245711374275
COc1cc2c(CCN[C@]23CS[C@H]4[C@H]5[C@@H]6N(C)[C@@H](Cc7cc(C)c(OC)c(O)c67)[C@H](O)N5[C@@H](COC3=O)c8c9OCOc9c(C)c(OC(=O)C)c48)cc1O,4.643856189774724
COCCc1ccc(OCC(O)CNC(C)C)cc1,1.632268215499513
OC(=O)CCCc1ccc(cc1)N(CCCl)CCCl,-1.9434164716336324
N1(C([C@H]2N(C([C@@H](NC([C@H](C([C@@H](OC(C[C@@H]([C@H](NC([C@H]([C@H](OC([C@@H]1Cc1ccc(cc1)OC)=O)C)NC([C@H](N(C([C@H]1N(C(=O)[C@@H](O)C)CCC1)=O)C)CC(C)C)=O)=O)[C@H](CC)C)O)=O)C(C)C)=O)C)=O)CC(C)C)=O)CCC2)=O)C,0.5058909297299573
OC1N=C(c2ccccc2Cl)c3cc(Cl)ccc3NC1=O,0.37851162325372983
OC(=O)P(=O)(O)O,-1.0
CC[C@]12CC[C@H]3[C@@H](CCC4=CC(=O)CC[C@H]34)[C@@H]1C=C[C@@]2(O)C#C,-1.1202942337177118
CCN[C@@H]1C[C@H](N)[C@@H](O[C@H]2OC(=CC[C@H]2N)CN)[C@H](O)[C@H]1O[C@H]3OC[C@](C)(O)[C@H](NC)[C@H]3O,-3.77595972578207
COc1nc(C)nc(Cl)c1NC2=NCCN2,0.8479969065549501
[H]N(c1c(C)cccn1)S(c1ccc(C#Cc2ccc(c(c2)C(=O)O[H])O[H])cc1)(=O)=O,-3.321928094887362
c1(ccc(cc1)S(=O)(=O)N)S(=O)(=O)Nc1cccc2c(c[nH]c12)Cl,-0.5563933485243852
CCOc1ccc2ccccc2c1C(=O)N[C@H]3[C@H]4SC(C)(C)[C@@H](N4C3=O)C(=O)O,-2.1844245711374275
C[C@@H](O)[C@@H]1[C@H]2CC(=C(N2C1=O)C(=O)O)S[C@H]3CCN(C3)C(=N)C,-2.395928676331139
[H]N(C[C@@H](CO[H])O[H])C(c1c(c(C(N([H])C[C@@H](CO[H])O[H])=O)c(c(c1I)N(C)C(CO[H])=O)I)I)=O,-2.1202942337177118
CCCCCNC(=O)c1coc(n1)[C@H]2[C@@H](Cc3ccccc3CCC(=O)O)[C@@H]4CC[C@H]2O4,2.137503523749935
CC[C@H](C)[C@H](NC(=O)[C@H](CCCNC(=N)N)NC(=O)[C@H](CC(=O)O)NC(=O)[C@H](CCSC)NC(=O)[C@H](CCCCN)NC(=O)[C@H](CCCNC(=N)N)NC(=O)CNC(=O)[C@H](CC(C=CC=C1)=C1)NC(=O)[C@H](CSSC[C@H](NC(=O)CNC(=O)[C@H](CC(C)C)N1)C(=O)N[C@@H](CCCCN)C(=O)N[C@H](C(=O)N[C@@H](CC(C)C)C(=O)N[C@@H](CCCNC(=N)N)C(=O)N[C@@H](CCCNC(=N)N)C(=O)N[C@@H](CC(=CNC2)N=2)C(=O)O)C(C)C)NC(=O)CNC(=O)[C@H](CO)NC(=O)CNC(=O)[C@H](CCC(N)=O)NC(=O)[C@@H](NC(=O)[C@H](CCSC)NC(=O)[C@H](CCCCN)NC(=O)[C@H](CCC2)N2C(=O)[C@@H](N)CO)C(C)C)C(N[C@H](C(N[C@H](C(N[C@H](C(N[C@H](C(NCC1=O)=O)CO)=O)CO)=O)CO)=O)CO)=O,-2.395928676331139
COc1ccc(cc1)C(CN(C)C)C2(O)CCCCC2,2.137503523749935
Oc1ccc2C[C@H]3N(CC=C)CC[C@@]45[C@@H](Oc1c24)C(=O)CC[C@@]35O,0.765534746362977
c1c(c2c(cc1)C(=O)c1c(c(O)c3c(c1O)[C@@H](O)[C@@](O)(CC)C[C@@H]3O[C@@H]1C[C@@H]([C@@H]([C@@H](O1)C)O)N1CCOCC1)C2=O)O,4.38543103719352
c12c3cccc1cc(cc2C(=O)N(C3=O)CCN(C)C)[N+](=O)[O-],3.4982508675278257
CCCC[C@@H]1CC(=O)[C@]2(O)O[C@@H]3[C@@H](NC)[C@@H](O)[C@@H](NC)[C@H](O)[C@H]3O[C@@H]2O1,-0.5145731728297583
NC1=C(F)C=NC(=O)N1,-0.5563933485243852
C(P(O)(O)=O)(P(O)(O)=O)(CCN)O,0.8479969065549501
O=C1N(CCCCNC[C@H]2CCc3ccccc3O2)S(=O)(=O)c4ccccc14,-2.2515387669959646
c12c(C[C@H](CC2)NCCC)sc(n1)N,2.807354922057604
C[C@H](CS)C(=O)N1CCC[C@H]1C(=O)O,-0.4150374992788438
Clc1cccc(c1)N2CCNCC2,1.3219280948873624
ClCCNP1(=O)OCCCN1CCCl,-0.6896598793878495
CN(CCOc1ccc(CC2SC(=O)NC2=O)cc1)c3ccccn3,-2.321928094887362
CC(=O)OCC1=C(N2[C@@H]([C@@H](C2=O)NC(=O)CC#N)SC1)C(=O)O,-1.0291463456595165
CN[C@H]1[C@H](O)[C@@H](O)[C@H](CO)O[C@H]1O[C@H]2[C@H](O[C@H]3[C@H](O)[C@@H](O)[C@H](NC(=N)N)[C@@H](O)[C@@H]3NC(=N)N)O[C@@H](C)[C@]2(O)C=O,-1.5563933485243853
O1[C@H](O[C@H]2[C@@H](C[C@@H]([C@H]([C@@H]2O)O[C@H]2O[C@@H](CC[C@H]2N)CN)N)NC([C@H](CCN)O)=O)[C@H](O)[C@H]([C@@H]([C@H]1CO)O)N,-2.2515387669959646
CO[C@]12CC[C@@]3(C[C@@H]1[C@](C)(O)C(C)(C)C)[C@H]4Cc5ccc(O)c6O[C@@H]2[C@]3(CCN4CC7CC7)c56,2.292781749227846
c1c(c(nc(=O)n1[C@H]2C[C@@H]([C@H](O2)CO)O)N)F,-0.13606154957602837
COC(=O)C1=C(C)NC(=C([C@@H]1c2cccc(c2)N(=O)=O)C(=O)OCCCN3CCC(CC3)(c4ccccc4)c5ccccc5)C,3.070389327891398
CN(C)[C@H]1[C@@H]2C[C@@H]3Cc4c(cc(NC(=O)CNC(C)(C)C)c(O)c4C(=O)C3=C(O)[C@]2(O)C(=O)C(=C1O)C(=O)N)N(C)C,3.584962500721156
C(Oc1ccccc1)(Oc1ccccc1)CN(C)C,1.4854268271702418
c1(c(cc(c(=O)[nH]1)C#N)c1ccc2n(c1)ccn2)C,-0.6438561897747247
Cc1nnc2CN=C(c3ccccc3)c4cc(Cl)ccc4n12,-0.3219280948873623
NC(=O)NO,-0.9434164716336325
CC(C)C[C@H](NC(=O)[C@H](Cc1ccccc1)NC(=O)c2cnccn2)B(O)O,3.321928094887362
OCCN1C[C@H](O)[C@@H](O)[C@H](O)[C@H]1CO,-1.8365012677171204
COc1ccc2c(c1)c(CC(=O)O)c(C)n2C(=O)c3ccc(Cl)cc3,-3.380821783940931
COc1cc2CC[N+](C)(CCCOC(=O)CC\C=C\CCC(=O)OCCC[N+]3(C)CCc4cc(OC)c(OC)cc4C3Cc5cc(OC)c(OC)c(OC)c5)C(Cc6cc(OC)c(OC)c(OC)c6)c2cc1OC,-1.8889686876112561
CCCCCCC(C)(C)c1cc(c2c(c1)OC([C@@H]3[C@@H]2CC(=CC3)CO)(C)C)O,2.339137384919585
CC[C@@H](CO)NCCN[C@@H](CC)CO,0.765534746362977
CCC[C@@H]1C[C@H](N(C)C1)C(=O)N[C@H]([C@@H](C)O)[C@H]2O[C@H](SC)[C@H](O)[C@@H](O)[C@H]2O,0.0
"CC(=O)Oc1ccc2c3c1O[C@@H]4[C@]35CC[N@@]([C@H](C2)[C@@H]5C=C[C@@H]4OC(=O)C)C
",0.3895668117627256
CCCc1nc(C)c2C(=O)NC(=Nn12)c3cc(ccc3OCC)S(=O)(=O)N4CCN(CC)CC4,1.584962500721156
N([C@H](C(O)=O)CS)C(N)=N,-2.0
CN(C)[C@H]1[C@@H]2C[C@@H]3Cc4c(ccc(O)c4C(=O)C3=C(O)[C@]2(O)C(=O)C(=C1O)C(=O)N)N(C)C,0.6780719051126377
S1([C@@]([C@@H](N2C(=O)C[C@@H]12)C(O)=O)(Cn1ccnn1)C)(=O)=O,-1.9434164716336324
CC[C@H](CC[C@@H](C)[C@H]1CC[C@H]2[C@@H]3CC=C4C[C@@H](O)CC[C@]4(C)[C@H]3CC[C@]12C)C(C)C,-1.7369655941662063
N1[C@H](C(=O)N[C@H](C(=O)N[C@H](C(=O)N[C@H](C(=O)N[C@H](C(=O)N[C@H](C(=O)O)Cc2ccc(cc2)O)CCCNC(=N)N)Cc2ccccc2)CO)CC(=O)N)CSSC[C@H](NC(=O)[C@@H](NC(=O)[C@@H](NC(=O)[C@@H](NC(=O)[C@@H](NC(=O)[C@@H](NC(=O)[C@@H](N)CO)CC(C)C)CCCNC(=N)N)CCCNC(=N)N)CO)CO)C(=O)N[C@H](C(=O)NCC(=O)NCC(=O)N[C@H](C(=O)N[C@H](C(=O)N[C@H](C(=O)N[C@H](C(=O)N[C@H](C(=O)NCC(=O)N[C@@H](C)C(=O)N[C@H](C(=O)N[C@H](C(=O)NCC(=O)N[C@H](C(=O)NCC1=O)CC(C)C)CO)CCC(=O)N)[C@@H](C)CC)CCCNC(=N)N)CC(=O)O)CCSC)CCCNC(=N)N)Cc1ccccc1,-2.321928094887362
CN(C)CC\C=C\1/c2ccccc2COc3ccccc13,3.584962500721156
CNS(=O)(=O)Cc1ccc2[nH]cc(CCN(C)C)c2c1,0.765534746362977
NC1=Nc2c(ncn2COC(CO)CO)C(=O)N1,0.0
Cc1ncc2CN=C(c3ccccc3F)c4cc(Cl)ccc4n12,0.13750352374993502
C[C@@H](C(=O)N)NCc1ccc(cc1)OCc2cccc(c2)F,1.1309308698264486
COc1ccccc1OCCNCC(O)COc2cccc3[nH]c4ccccc4c23,0.37851162325372983
CCOC(=O)Nc1ccc(NCc2ccc(F)cc2)nc1N,0.13750352374993502
N1([C@@H](CCCC1)C(=O)OC(CCCc1cnccc1)CCCc1cnccc1)C(=O)C(c1cc(c(c(c1)OC)OC)OC)=O,0.4222330006830478
C[C@H]([C@@H](C(=O)N[C@@H](Cc1ccccc1)C(=O)N[C@@H]([C@@H](C)O)C(=O)N[C@@H](CO)C(=O)N[C@@H](CCC(=O)O)C(=O)N[C@@H](CC(C)C)C(=O)N[C@@H](CO)C(=O)N[C@@H](CCCNC(=N)N)C(=O)N[C@@H](CC(C)C)C(=O)N[C@@H](CCCNC(=N)N)C(=O)N[C@@H](CCC(=O)O)C(=O)NCC(=O)N[C@@H](C)C(=O)N[C@@H](CCCNC(=N)N)C(=O)N[C@@H](CC(C)C)C(=O)N[C@@H](CCC(=O)N)C(=O)N[C@@H](CCCNC(=N)N)C(=O)N[C@@H](CC(C)C)C(=O)N[C@@H](CC(C)C)C(=O)N[C@@H](CCC(=O)N)C(=O)NCC(=O)N[C@@H](CC(C)C)C(=O)N[C@@H](C(C)C)C(=O)N)NC(=O)CNC(=O)[C@H](CC(=O)O)NC(=O)[C@H](CO)NC(=O)[C@H](Cc2cnc[nH]2)N)O,-2.643856189774725
CC(C)NCC(O)COc1ccc(CC(=O)N)cc1,-0.07400058144377693
OC(=O)CCC(=C(C)C1C2)C(N=1)=CC(=C(CCC(OC)=O)C(C)=C1C=C(N3)C(=C(C=3C=C3C([C@@](C=2N3)(C)[C@H](C(=O)OC)C(=C2)C(=O)OC)=C2)C)C=C)N1,-0.9714308478032291
CCN1CCN(C(=O)N[C@H]([C@H](C)O)C(=O)N[C@@]2(OC)[C@H]3SCC(=C(N3C2=O)C(=O)O)CSc4nnnn4C)C(=O)C1=O,-2.395928676331139
NCCCNc1ccc2c(CNCCO)nn3c4c(O)ccc(O)c4C(=O)c1c23,3.584962500721156
c1c(cc2[nH]c(n3C[C@@H]([N@@](Cc1c23)C\C=C(\C)C)C)=S)Cl,4.458119481174506
Nc1nc(Cl)nc2c1ncn2[C@H]3C[C@H](O)[C@@H](CO)O3,2.944858445807539
CNC(=O)c1cccc2c(Nc3ccc(NS(=O)(=O)C)cc3OC)c4cccc(C)c4nc12,-1.7369655941662063
N12[C@@H](C(S[C@@H]2[C@@H](C1=O)NC(=O)[C@@H](c1ccccc1)NC(=O)NC(=N)N)(C)C)C(=O)O,-2.0588936890535687
CN(C)[C@H]1[C@@H]2C[C@@H]3[C@H](O)c4c(Cl)ccc(O)c4C(=O)C3=C(O)[C@]2(O)C(=O)C(=C1O)C(=O)N,0.37851162325372983
c1ccc(cc1)C(Cc2ccccn2)N,0.6959938131099002
OC(=O)Cc1ccccc1Nc2c(Cl)cccc2Cl,-2.1844245711374275
NC(=O)c1ncn(n1)[C@@H]2O[C@H](CO)[C@@H](O)[C@H]2O,3.807354922057604
C(C1CCCC1)(c1ccccc1)(C(=O)OC1C[N+](CC1)(C)C)O.[Br-],-1.434402824145775
"C(=O)([C@@H](COC)NC(=O)C)NCc1ccccc1
",-0.7858751946471527
CC(=O)O[C@H]1C[C@@H]2CC[C@@H]3[C@H](CC[C@@]4(C)[C@H]3C[C@@H]([C@@H]4OC(=O)C)N5CC[N+](C)(C)CC5)[C@@]2(C)C[C@@H]1N6CC[N+](C)(C)CC6,-1.5145731728297582
c1(cc(C[C@H](NC(=O)CC[C@@H](C(O)=O)N)C(O)=O)ccc1O)O,-2.2515387669959646
CC[C@H]1CN2CC[C@H]1C[C@@H]2[C@@H](O)c3ccnc4ccc(OC)cc34,1.4854268271702418
C[C@]12C[C@H](O)[C@H]3[C@@H](CCC4=CC(=O)C=C[C@]34C)[C@@H]1CC[C@]2(O)C(=O)CO,-0.21759143507262677
c1(c(OC)cc2c(c1)c(nnc2)N1CCC(CC1)OC(NCC)=O)OC,-0.5777669993169522
C(c1c(cc(cc1)CC(=O)N[C@@H](CC(C)C)c1c(cccc1)N1CCCCC1)OCC)(=O)O,-1.8365012677171204
CN1[C@@H](C[C@@H](O)C1=O)c2cccnc2,-0.23446525363702297
CO\N=C(\C(=O)N[C@H]1[C@H]2SCC(=C(N2C1=O)C([O-])=O)C[n+]1ccc(N)n1CCO)c1csc(n1)N,-1.7369655941662063
OC[C@@H](O)[C@@H](O)[C@H](O[C@H](C)C(=O)N[C@@H](C)C(=O)N[C@H](CCC(=O)N[C@@H](C)C(=O)NCCOP(O)(=O)OC[C@@H](COC(=O)CCCCCCCCCCCCCCC)OC(=O)CCCCCCCCCCCCCCC)C(N)=O)[C@H](C=O)NC(C)=O,2.5360529002402097
C1CCN(C1)CCOc1c(OC)c2occc2c(c1NC(NC)=O)OC,-0.3219280948873623
CCCCCN(CCCOC)C(=O)C(CCC(=O)O)NC(=O)c1ccc(Cl)c(Cl)c1,-2.0588936890535687
c1(N(CC)CC)cc2oc(C(Nc3ccc4c(c3)cc([nH]4)C(N3C[C@H](c4c5c([nH]cc5C)c(OC(=O)Nc5ccccc5)cc34)CCl)=O)=O)cc2cc1,-3.473931188332412
CN(C)CCCN1c2ccccc2CCc3cc(O)ccc13,2.722466024471091
C1CCN(CC1)C2(CCCCC2)c3ccccc3,2.786596361890807
c12c3C=4[C@H]([N@@](C[C@H](C4)NC(N(CC)CC)=O)C)Cc1c[nH]c2ccc3,0.7907720378619999
Cc1ccc(cc1)S(=O)(=O)NC(=O)N[C@H]2[C@H]3CC[C@@]([C@H]2O)(C3(C)C)C,-1.8889686876112561
c1ccc(cc1)CN(CC2=NCCN2)c3ccccc3,1.9634741239748859
CCC(=O)O[C@@](Cc1ccccc1)([C@H](C)CN(C)C)c2ccccc2,3.584962500721156
CN(C)[C@H]1[C@@H]2C[C@H]3C(=C(O)[C@]2(O)C(=O)C(=C1O)C(=O)N)C(=O)c4c(O)ccc(Cl)c4[C@@]3(C)O,-0.15200309344504995
[O-]C(=O)C1=C(C[n+]2ccccc2)CS[C@@H]3[C@H](NC(=O)Cc4cccs4)C(=O)N13,-1.1202942337177118
C1CN(CCN1CCCCc1c[nH]c2c1cc(cc2)C#N)c1cc2c(cc1)oc(c2)C(=O)N	,2.277984747299765
O=S(=O)(N1Cc2cc(ccc2N(Cc3cnc[nH]3)C[C@H]1Cc4ccccc4)C#N)c5cccs5,-0.25153876699596445
CCOC(=O)C1(CCN(C)CC1)c2ccccc2,1.2016338611696504
CCN1CCN(C(=O)N[C@@H](C(=O)N[C@H]2[C@H]3SC(C)(C)[C@@H](N3C2=O)C(=O)O)c4ccccc4)C(=O)C1=O,-1.8889686876112561
CO\N=C(/C(=O)N[C@H]1[C@H]2SCC(=C(N2C1=O)C(=O)O)C)\c3csc(N)n3,-1.8365012677171204
Cc1[nH]cnc1CN2CCc3c(C2=O)c4ccccc4n3C,0.13750352374993502
n1([C@H]2[C@@H]([C@@H](O)[C@@H]([C@H](O2)CO)OC)O)c2c3c(c4C(=O)N(C(c4c2c2c1c(Cl)ccc2)=O)CCN(CC)CC)c1cccc(c1[nH]3)Cl,3.1538053360790355
COc1cc(cc(OC)c1O)C2C3C(COC3=O)C(OC4OC5COC(C)OC5C(O)C4N(C)C)c6cc7OCOc7cc26,-1.7369655941662063
NNC(=O)c1ccncc1,-0.2863041851566411
CCN(CC)CCNC(=O)c1cc(Cl)c(N)cc1OC,1.6780719051126378
COCCCOc1ccnc(CS(=O)c2nc3ccccc3[nH]2)c1C,-2.1844245711374275
CN[C@H](CC(C)C)C(=O)N[C@@H]1[C@H](O)c2ccc(Oc3cc4cc(Oc5ccc(cc5Cl)[C@@H](O)[C@@H]6NC(=O)[C@H](NC(=O)[C@@H]4NC(=O)[C@H](CC(=O)N)NC1=O)c7ccc(O)c(c7)c8c(O)cc(O)cc8[C@H](NC6=O)C(=O)O)c3O[C@@H]9O[C@H](CO)[C@@H](O)[C@H](O)[C@H]9O[C@H]%10C[C@](C)(N)[C@H](O)[C@H](C)O%10)c(Cl)c2,-0.888968687611256
CO/N=C/1\CN(CC1CN)c2c(cc3c(=O)c(cn(c3n2)C4CC4)C(=O)O)F,1.8155754288625725
C(=O)([O-])C(=C1\[C@@H](OC(=O)C)C[C@@]2([C@@]3(CC[C@H]4[C@@H]([C@@H](CC[C@@]4(C)[C@@H]3[C@H](O)C[C@@H]12)O)C)C)C)\CC\C=C(\C)C,-2.1202942337177118
CC(C)N(CC[C@@]1(C(N=C(C)N2CCCC[C@H]12)=O)c1ccccc1)C(C)C,-0.7858751946471527
c1cc2c(cc1O)c(c[nH]2)C[C@@H](C(=O)O)N,-0.3219280948873623
c1cccc2c1C(c1c2cccc1)(CCCCN1CCC(CC1)NC(c1c(cccc1)c1ccc(cc1)C(F)(F)F)=O)C(NCC(F)(F)F)=O,4.026800059343715
CN(Cc1cnc2nc(N)nc(N)c2n1)c3ccc(cc3)C(=O)N[C@@H](CCC(=O)O)C(=O)O,-1.2175914350726267
CCN(CC)CCCC(C)Nc1c2ccc(Cl)cc2nc3ccc(OC)cc13,5.491853096329675
c1cc(cc[n+]1CC1=C(N2C([C@H]([C@H]2SC1)NC(=O)\C(=N\OC)c1nc(sc1)N)=O)C(=O)[O-])c1cnco1,-2.1844245711374275
CN(C)CCNC(=O)c1cccc2c1nc3ccccc3c2,1.7697717392494479
C[C@@H]1CN(C[C@H](C)N1)c2c(F)c(N)c3C(=O)C(=CN(C4CC4)c3c2F)C(=O)O,1.9634741239748859
CC[C@H](C)[C@@H](C(=O)N[C@@H](CCC(=O)O)C(=O)N[C@@H](CCC(=O)O)C(=O)N[C@@H](CO)C(=O)N[C@@H](CCC(=O)N)C(=O)N[C@@H](CC(=O)N)C(=O)N[C@@H](CCC(=O)N)C(=O)N[C@@H](CCC(=O)N)C(=O)N[C@@H](CCC(=O)O)C(=O)N[C@@H](CCCCN)C(=O)N[C@@H](CC(=O)N)C(=O)N[C@@H](CCC(=O)O)C(=O)N[C@@H](CCC(=O)N)C(=O)N[C@@H](CCC(=O)O)C(=O)N[C@@H](CC(C)C)C(=O)N[C@@H](CC(C)C)C(=O)N[C@@H](CCC(=O)O)C(=O)N[C@@H](CC(C)C)C(=O)N[C@@H](CC(=O)O)C(=O)N[C@@H](CCCCN)C(=O)N[C@@H](Cc1c[nH]c2c1cccc2)C(=O)N[C@@H](C)C(=O)N[C@@H](CO)C(=O)N[C@@H](CC(C)C)C(=O)N[C@@H](Cc3c[nH]c4c3cccc4)C(=O)N[C@@H](CC(=O)N)C(=O)N[C@@H](Cc5c[nH]c6c5cccc6)C(=O)N[C@@H](Cc7ccccc7)C(=O)N)NC(=O)[C@H](CC(C)C)NC(=O)[C@H](CO)NC(=O)[C@H](Cc8cnc[nH]8)NC(=O)[C@H]([C@@H](C)CC)NC(=O)[C@H](CC(C)C)NC(=O)[C@H](CO)NC(=O)[C@H]([C@@H](C)O)NC(=O)[C@H](Cc9ccc(cc9)O)NC(=O)C,-3.8365012677171206
c1cc(ccc1C(=O)N[C@@H](CCC(=O)O)C(=O)O)NCc2cnc3c(n2)c(=O)nc([nH]3)N,3.277984747299765
COC(=O)[C@H](c1ccccc1Cl)N2CCc3c(ccs3)C2,1.0071955014042038
C[C@H]1C[C@H]2[C@@H]3CC[C@](O)(C(=O)CO)[C@@]3(C)C[C@H](O)[C@@H]2[C@@]4(C)C=CC(=O)C=C14,0.2630344058337938
CC(C)c1cccc(C(C)C)c1O,2.232660756790275
CN1C(=O)CN=C(c2ccccc2F)c3cc(ccc13)N(=O)=O,0.925999418556223
CN1C[C@@H](C=C2[C@H]1Cc3c[nH]c4cccc2c34)C(=O)N[C@]5(C)O[C@@]6(O)[C@@H]7CCCN7C(=O)[C@H](Cc8ccccc8)N6C5=O,1.84799690655495
CC1=C(N2[C@H](SC1)[C@H](NC(=O)[C@H](N)c3ccc(O)cc3)C2=O)C(=O)O,-2.1202942337177118
CC(=O)Nc1nnc(s1)S(=O)(=O)N,-1.434402824145775
CC(C)N1CCC(CC1)N(C(=O)Cc2ccccc2)c3ccc(Cl)cc3,2.722466024471091
CN(C)C(=O)Cc1c(nc2ccc(C)cn12)c3ccc(C)cc3,-0.888968687611256
C[C@H]1[C@H]([C@H](C[C@@H](O1)O[C@H]2C[C@@](Cc3c2c(c4c(c3O)C(=O)c5ccccc5C4=O)O)(C(=O)C)O)N6CC6)OS(=O)(=O)C,1.560714954474479
c12c3C(N(CCN(C)C)C(c1cccc2cc(c3)N)=O)=O,2.873813198359087
CC[C@@]1(c2cc-3n(c(=O)c2COC1=O)Cc4c3nc5ccccc5c4CC[Si](C)(C)C)O,1.7048719644563528
Clc1cccc(c1)N2CCN(CCCN3N=C4C=CC=CN4C3=O)CC2,-0.9434164716336325
C(N)#N,-0.3584539709124763
CCCCCc1cc(c2c(c1)OC([C@H]3[C@H]2C=C(CC3)C(=O)O)(C)C)O,0.35614381022527536
n1(c2c(cccc2)[nH]c1=O)C=1CC[N@@](CCCC(c2ccc(F)cc2)=O)CC1,0.49569516262406876
O=C1N(C[C@H]2CCCc3cccc1c23)[C@@H]4CN5CCC4CC5,2.655351828612554
CC(C)[C@@H]1CC[C@H](CC1)C(=O)N[C@H](Cc2ccccc2)C(=O)O,-2.736965594166206
CCCCCOc1ccc(cc1)c2onc(c2)c3ccc(cc3)C(=O)N[C@H]4C[C@@H](O)[C@@H](O)NC(=O)[C@@H]5[C@@H](O)[C@@H](C)CN5C(=O)[C@@H](NC(=O)C(NC(=O)[C@@H]6C[C@@H](O)CN6C(=O)C(NC4=O)[C@@H](C)O)[C@H](O)[C@@H](O)c7ccc(O)c(OS(=O)(=O)O)c7)[C@H](O)CC(=O)N,-2.2515387669959646
O=C(NC1CCN(CCc2c[nH]c3ccccc23)CC1)c4ccccc4,2.292781749227846
CC(N)C(=O)Nc1c(C)cccc1C,0.8479969065549501
[H]N(Cc1cccnc1)C1=C(C#N)C(N=C(C)N1[H])=O,-1.3584539709124763
c1(cn[nH]c1)C,-1.5145731728297582
[H]OC(CCCOCC=C1C[C@H]2C[C@H]([C@@H](C#C[C@H]([C@@H](C)CC#CCC)O[H])[C@H]2C1)O[H])=O,1.2630344058337937
CCCC(C)C1(CC)C(=O)NC(=O)NC1=O,-0.13606154957602837
C([C@@H](C(N[C@@H](C(N[C@@H](C(N[C@@H](C(N[C@@H](C(N[C@@H](C(N[C@@H](C(N[C@@H](C(N[C@@H](C(N[C@@H](C(N[C@@H](C(N[C@@H](C(N[C@@H](C(N[C@@H](C(N[C@@H](C(N[C@@H](C(N[C@@H](C(N[C@@H](C(N[C@@H](C(NCC(N[C@@H](C(N[C@@H](C(C)C)C(O)=O)=O)CC(C)C)=O)=O)CCC(N)=O)=O)CC(C)C)=O)CC(C)C)=O)CCCNC(N)=N)=O)CCC(N)=O)=O)CC(C)C)=O)CCCNC(N)=N)=O)C)=O)CO)=O)CC(O)=O)=O)CCCNC(N)=N)=O)CC(C)C)=O)CCCNC(N)=N)=O)CO)=O)CC(C)C)=O)CCC(O)=O)=O)CO)=O)[C@@H](C)O)=O)NC([C@@H](NC(CNC([C@@H](NC([C@@H](NC([C@@H](Cc1[nH]ccn1)N)=O)CO)=O)CC(O)=O)=O)=O)[C@@H](C)O)=O)c1ccccc1,-5.058893689053568
CN1CCC[C@@H]1Cc2c[nH]c3ccc(CCS(=O)(=O)c4ccccc4)cc23,0.6780719051126377
C[C@]12CC[C@H]3[C@@H](CCc4cc(OS(=O)(=O)O)ccc34)[C@@H]1CC[C@@]2(O)C#C,1.2016338611696504
CN1N(C(=O)C=C1C)c2ccccc2,-0.3770696490798233
COc1cccc(c1)[C@@]2(O)CCCC[C@@H]2CN(C)C,1.4854268271702418
C1([C@H]2[C@@]([C@@]3(C([C@H]4[C@@](CC[C@@](C4)(C(O)=O)C)(C)CC3)=C1)C)(CC[C@@H]1[C@@]2(CC[C@@H](C1(C)C)O[C@@H]1[C@H](O[C@@H]2O[C@@H]([C@@H](O)[C@@H]([C@H]2O)O)C(O)=O)[C@H]([C@H](O)[C@H](O1)C(O)=O)O)C)C)=O,-4.058893689053568
CN1CC[C@]23[C@H]4Oc5c(O)ccc(C[C@@H]1[C@@H]2C=C[C@@H]4O)c35,1.2016338611696504
c12[C@@]34[C@H]([C@@H](Cc1ccc(c2)O)[N@](C)CC3)CCCC4,3.523561956057013
C[C@H]1C[C@H]2[C@@H]3CCC4=CC(=O)C=C[C@]4(C)[C@@]3(F)[C@@H](O)C[C@]2(C)[C@@]1(O)C(=O)CO,0.37851162325372983
Cc1ccc(cn1)c2ncc(Cl)cc2c3ccc(cc3)S(=O)(=O)C,0.5849625007211562
Cc1c(OCC(F)(F)F)ccnc1CS(=O)c2nc3ccccc3[nH]2,-1.8365012677171204
C[C@@H]1[C@@H]2[C@H](C(=O)N2C(=C1S[C@H]3C[C@H](NC3)[C@@H](CCNC)O)C(=O)O)[C@@H](C)O,-2.1844245711374275
O1[C@@H]([C@@H](CC[C@H]1[C@@H](N)C)N)O[C@@H]1[C@H]([C@@H]([C@H](OC)[C@H](N(C)C(CN)=O)[C@H]1O)O)N,-2.1202942337177118
COc1ccccc1N2CCN(CCCNC3=CC(=O)N(C)C(=O)N3C)CC2,-0.4150374992788438
C([C@@H](CO)O)O[N+](=O)[O-],-0.3959286763311392
CCC[C@H](N[C@@H](C)C(=O)N1[C@H]2CCCC[C@H]2C[C@H]1C(=O)O)C(=O)O,-0.3959286763311392
C1C[C@@H]2[C@H]3CCC[N@+]4([C@H]3[C@@H](CCC4)CN2C(=O)C1)[O-],-0.7131188522118385
CCN(CC)CC#CCOC(=O)C(O)(C1CCCCC1)c2ccccc2,-0.23446525363702297
COc1cc2CCN(Cc2cc1OC)c3cc(N)c4cc(OC)c(OC)cc4n3,2.655351828612554
NC[C@@H](O)C[C@H]5O[C@H]4C[C@H]9O[C@@H](CC[C@@H]1O[C@H](CC1=C)CC[C@@]32O[C@@H]6[C@@H]8O[C@H](C2)[C@H](O3)[C@@H]8O[C@H]7CC[C@H](CC(=O)O[C@@H]4[C@H]5OC)O[C@H]67)C[C@@H](C)C9=C,0.5459683691052925
COc1cc(NC(C)CCCN)c2ncccc2c1,2.0
C([C@@H](CC)C)CCCCCC(=O)N[C@H]1[C@H](Oc2c3cc4[C@H](C(N[C@@H]5c6cc(c7c([C@@H](NC([C@H]([C@@H](c8cc(c(O3)cc8)Cl)O[C@H]3[C@@H]([C@H]([C@H](O)[C@H](O3)CO)O)NC(C)=O)NC5=O)=O)C(=O)O)cc(O)cc7O[C@H]3O[C@@H]([C@@H](O)[C@@H]([C@@H]3O)O)CO)c(cc6)O)=O)NC([C@@H]3c5cc(Oc6cc(ccc6O)[C@@H](C(N[C@@H](C(N3)=O)Cc3cc(c(Oc2c4)cc3)Cl)=O)N)cc(c5)O)=O)O[C@@H]([C@H](O)[C@@H]1O)CO,-0.8109661756099832
C1C[N@@]([C@@H](C1)CNC(c1c(cc(c(c1)S(NC)(=O)=O)N)OC)=O)CC=C,1.2016338611696504
ClCCNC(=O)N(CCCl)N=O,0.2630344058337938
COc1cc(cc(OC)c1O)[C@H]2[C@@H]3[C@H](COC3=O)[C@H](O[C@@H]4O[C@@H]5CO[C@@H](C)O[C@H]5[C@H](O)[C@H]4O)c6cc7OCOc7cc26,-2.473931188332412
N1(C(Cc2c(CC1)cc(c(c2)OC)OC)=O)CCC[N@@](C)C[C@@H]1c2cc(c(cc2C1)OC)OC,0.7311832415721999
CC(C)NCC(O)c1ccc(NS(=O)(=O)C)cc1,0.37851162325372983
NC(=O)C1(CCN(CCC(C#N)(c2ccccc2)c3ccccc3)CC1)N4CCCCC4,2.232660756790275
C([C@@H](c1cc(Oc2ccccc2)ccc1)C)(=O)O,-3.321928094887362
CC1(C)\C(=C\C=C\C=C\C=C/C2=[N+](CCCCS(=O)(=O)[O-])c3ccc4ccccc4c3C2(C)C)\N(CCCCS(=O)(=O)O)c5ccc6ccccc6c15,-4.836501267717121
C1CC[C@@H]2C[C@H](N([C@@H]2C1)C([C@H](C)N[C@@H](CCc1ccccc1)C(OCC)=O)=O)C(=O)O,-2.0
OC(CNCCNC(=O)N1CCOCC1)COc2ccc(O)cc2,-0.6438561897747247
O=C(c1ccccc1)c1sc(cc1)[C@@H](C(=O)O)C,-3.643856189774725
CN(C)[C@H]1[C@@H]2[C@@H](O)[C@H]3C(=C(O)[C@]2(O)C(=O)C(=C1O)C(=O)N)C(=O)c4c(O)cccc4[C@@]3(C)O,0.765534746362977
NC1CCN(C1)c2c(F)cc3C(=O)C(=CN(C4CC4)c3c2Cl)C(=O)O,0.925999418556223
CN1CC[C@]23c4c5ccc(c4O[C@H]2[C@H](CC[C@H]3[C@H]1C5)O)OC,0.09761079662642233
CCN(CC)CCNC(=O)c1ccc(NC(=O)C)cc1,0.925999418556223
NC1=NC(=O)c2ncn(CCC(CO)CO)c2N1,0.13750352374993502
NC[C@@H]1CC[C@@H](N)[C@@H](O[C@@H]2[C@@H](N)C[C@@H](N)[C@H](O[C@H]3O[C@H](CO)[C@@H](O)[C@H](N)[C@H]3O)[C@H]2O)O1,-2.9434164716336326
"c1cn(c(n1)[N+](=O)[O-])CC(=O)NCC(C(F)(F)F)O
",-0.5353317329965558
CCS(=O)(=O)CCn1c(C)ncc1N(=O)=O,-0.7612131404128835
C[C@H](CCC(=O)O)[C@H]1CC[C@H]2[C@@H]3[C@H](O)C[C@@H]4C[C@H](O)CC[C@]4(C)[C@H]3CC[C@]12C,-2.395928676331139
c1(nnc(s1)C)SCC=1CS[C@H]2N(C1C(O)=O)C([C@H]2NC(Cn1cc(c(c(c1)Cl)=O)Cl)=O)=O,-2.9434164716336326
CN1CCCC(CC1)N2N=C(Cc3ccc(Cl)cc3)c4ccccc4C2=O,3.9068905956085187
CN[C@@H]1C[C@H]2OC(C)([C@@H]1OC)n3c4ccccc4c5c6[C@@H](O)NC(=O)c6c7c8ccccc8n2c7c35,-2.736965594166206
CSCC[C@@H](C(=O)N[C@@H](CCC(=O)O)C(=O)N[C@@H](Cc1cnc[nH]1)C(=O)N[C@@H](Cc2ccccc2)C(=O)N[C@@H](CCCN=C(N)N)C(=O)N[C@@H](Cc3c[nH]c4c3cccc4)C(=O)NCC(=O)O)N,-0.4540316308947075
[H]N1C[C@@H](C[C@H]1CN([H])S(N([H])[H])(=O)=O)SC1=C(C(=O)O[H])N2C([C@@H]1C)[C@@H](C2=O)[C@H](C)O[H],-2.1202942337177118
CC[C@H](C)[C@H](NC(=O)[C@@H]1CCCN1C(=O)CNC(=O)[C@H](Cc1ccccc1)NC(=O)[C@H](CC(N)=O)NC(=O)[C@H](CC(N)=O)NC(=O)[C@H](CO)NC(=O)[C@H](CO)NC(=O)[C@H](Cc1cnc[nH]1)NC(=O)[C@@H](NC(=O)[C@H](CC(C)C)NC(=O)[C@H](Cc1ccccc1)NC(=O)[C@H](CC(N)=O)NC(=O)[C@H](C)NC(=O)[C@H](CC(C)C)NC(=O)[C@H](CCCNC(N)=N)NC(=O)[C@H](CCC(N)=O)NC(=O)[C@@H](NC(=O)[C@H](C)NC(=O)[C@H](CS)NC(=O)[C@@H](NC(=O)[C@H](C)NC(=O)[C@@H](NC(=O)[C@H](CC(N)=O)NC(=O)[C@H](CS)NC(=O)[C@@H](N)CCCCN)[C@@H](C)O)[C@@H](C)O)[C@@H](C)O)C(C)C)C(=O)N[C@@H](CC(C)C)C(=O)N1CCC[C@H]1C(=O)N1CCC[C@H]1C(=O)N[C@@H]([C@@H](C)O)C(=O)N[C@@H](CC(N)=O)C(=O)N[C@@H](C(C)C)C(=O)NCC(=O)N[C@@H](CO)C(=O)N[C@@H](CC(N)=O)C(=O)N[C@@H]([C@@H](C)O)C(=O)N[C@@H](Cc1ccc(O)cc1)C(N)=O,-1.286304185156641
Cc1cccc(c1)N2CC(CO)OC2=O,0.5849625007211562
C[C@H]1COc2c(N3CCN(C)CC3)c(F)cc4C(=O)C(=CN1c24)C(=O)O,0.2630344058337938
c1(c(cccc1)OC)OC[C@@H](CN1CCN(CC(Nc2c(cccc2C)C)=O)CC1)O,0.2630344058337938
COc1ccc(cc1)[C@@H]2Sc3ccccc3N(CCN(C)C)C(=O)[C@@H]2OC(=O)C,2.035623909730721
c1c2c(c(c(c1F)N3C[C@H]4[C@H](C3)OCCN4)C#N)n(cc(c2=O)C(=O)O)C5CC5,0.5058909297299573
c12c(c3c(c(cc(o3)C(O)=O)=O)cc1c(cc(n2CC)C(O)=O)=O)CCC,-1.2175914350726267
CC1=C(N2[C@H](SC1)[C@H](NC(=O)[C@H](N)C3=CCC=CC3)C2=O)C(=O)O,-2.2515387669959646
COC1=C(N2[C@@H]([C@@H](C2=O)NC(=O)[C@@H](C3=CCC=CC3)N)SC1)C(=O)O,-2.5563933485243853
c1(ccccc1)[C@@](O)(C1CCCC1)CO[C@@H]1CN2CCC1CC2,1.0840642647884746
OC1=C([C@@H]2CC[C@H](CC2)c3ccc(Cl)cc3)C(=O)c4ccccc4C1=O,-0.7369655941662062
[H]N(C([C@@H](Cc1ccccc1)CS(C(C)(C)C)(=O)=O)=O)[C@@H](Cc1cn([H])cn1)C(N([H])[C@@H](CC1CCCCC1)[C@H](C(C1CC1)O[H])O[H])=O,-0.3770696490798233
COc1cc(NS(=O)(=O)C)ccc1Nc2c3ccccc3nc4ccccc24,0.6780719051126377
c1(c(ccc(c1)S(C)(=O)=O)OC)C(NCCN(CC)CC)=O,0.13750352374993502
CN(C)N=Nc1nc[nH]c1C(=O)N,0.2630344058337938
COc1cc2nc(nc(N)c2cc1OC)N3CCN(CC3)C(=O)C4CCCO4,-0.029146345659516508
CN1CC[C@@H]([C@H](O)C1)c2c(O)cc(O)c3C(=O)C=C(Oc23)c4ccccc4Cl,0.5849625007211562
[H]O[C@H](CN1CCC(CC1)N(C)c1nc2ccccc2s1)COc1ccc(cc1)F,2.4594316186372973
C1(C2=C([C@H](C[C@]1([C@H]([C@H]1[C@](C(=O)[C@@H]2OC)([C@H](C[C@@H]2[C@]1(CO2)OC(=O)C)OC)C)OC(=O)c1ccccc1)O)OC(=O)[C@@H]([C@H](c1ccccc1)NC(=O)OC(C)(C)C)O)C)(C)C,5.584962500721156
O=C(C(C(=C(C(=C1F)N(CCN2C)CC2)OC2)N(C3)[C@H]2C)=C1N)C=3C(O)=O,1.2750070474998698
C1[N@@]2CC=C[C@@]3([C@@H]([C@@]([C@@H]4N(C)c5cc(OC)c(cc5[C@@]4(C1)[C@@H]23)[C@@]1(c2c(CC[N@@]3C[C@@](C[C@@H](C1)C3)(O)CC)c1ccccc1[nH]2)C(OC)=O)(O)C(=O)N[C@@H](C(C)C)P(OCC)(=O)OCC)O)CC.S(=O)(=O)(O)O,2.2234225499349374
NC[C@H]1O[C@H](O[C@@H]2[C@@H](N)C[C@@H](N)[C@H](O[C@H]3O[C@H](CO)[C@@H](O)[C@H](N)[C@H]3O)[C@H]2O)[C@H](O)[C@@H](O)[C@@H]1O,-1.9434164716336324
Oc1ccc2c(Oc3cc(O)ccc3C24OC(=O)c5ccccc45)c1,-2.8365012677171206
CO[C@]1(NC(=O)CSCC#N)[C@H]2SCC(=C(N2C1=O)C(=O)O)CSc3nnnn3C,-2.9434164716336326
Cc1nc2CCN(C(=O)c3ccc(NC(=O)c4ccccc4c5ccccc5)cc3)c6ccccc6c2[nH]1,-0.3959286763311392
C1CN=C(N1)C2CC2(c3ccccc3)c4ccccc4,2.035623909730721
c1(c[nH]c2c1cccc2)C[C@@H](C(N[C@@H](C(N[C@H](C(=O)N)CCCCN)=O)Cc1ccccc1)=O)NC([C@@H](NC([C@H](NC([C@H](Cc1[nH]cnc1)N)=O)Cc1c[nH]c2c1cccc2)=O)C)=O,-1.2515387669959646
CN(C)C(=O)CCS[C@H](SCCC(=O)O)c1cccc(\C=C\c2ccc3ccc(Cl)cc3n2)c1,-3.1844245711374275
c1(c(c(c(I)c(c1I)C(N[C@@H]([C@@H](CO)O)CO)=O)C(N[C@@H]([C@@H](CO)O)CO)=O)I)N(C(CC(N(c1c(c(c(I)c(c1I)C(N[C@@H]([C@@H](CO)O)CO)=O)C(N[C@@H]([C@@H](CO)O)CO)=O)I)C)=O)=O)C,-2.1202942337177118
COc1ccc(CCNCC(O)COc2cccc(C)c2)cc1OC,-0.5777669993169522
C1C[C@H](CC[C@@]21c1cc(OCC)ccc1N(S(=O)(c1c(cc(C(NC(C)(C)C)=O)cc1)OC)=O)C2=O)OCCN1CCOCC1,2.807354922057604
CN1C(=O)N(C)c2[nH]cnc2C1=O,-0.9714308478032291
NS(=O)(=O)c1cc2c(NCNS2(=O)=O)cc1C(F)(F)F,1.1375035237499351
CC[C@H](C)C(=O)O[C@H]1C[C@@H](C)C=C2C=C[C@H](C)[C@H](CC[C@@H](O)C[C@@H](O)CC(=O)O)[C@@H]12,-0.2009126939259964
c1(c(c2ccc(O)cc2)sc2c1ccc(c2)O)C(c1ccc(OCCN2CCCCC2)cc1)=O,2.9068905956085187
c1c(sc(N(Cc2cc3c(cc2)[nH]c(nc3=O)C)C)c1)C(=O)N[C@@H](CCC(O)=O)C(=O)O,2.715893370547605
c12c(c(=O)c(cn1CC)C(=O)O)cc(c(c2)N1CCNCC1)F,0.9107326619029126
CCN1C[C@H]2CN(C)C[C@@H](C1)C2OC(=O)c3ccc(Cl)cc3,3.169925001442312
CC(C)NCC(O)COc1ccc(CCOCC2CC2)cc1,2.263034405833794
c1([C@@](CCC[N@@](CCc2cc(c(OC)cc2)OC)C)(C(C)C)C#N)cc(c(OC)c(c1)OC)OC,0.8073549220576041
OC1=C(Oc2cc(O)cc(O)c2C1=O)c3ccc(O)c(O)c3,-3.0588936890535687
O1[C@H]2[C@@H]([C@H]([C@H]1[C@H](O)CO)OCCCN(C)C)OC(C)(C)O2,0.056583528366367514
O=C1[C@@]23[C@@H]([C@@]4(OC(=O)C)[C@@H](C[C@@H]2C3)OC4)[C@H](OC(=O)c2ccccc2)[C@]2(C(C(=C(C)[C@H](C2)OC(=O)[C@@H]([C@@H](NC(=O)OC(C)(C)C)c2ccccc2)O)C1OC(=O)C)(C)C)O,4.087462841250339
CCCN(CCC)S(=O)(=O)c1ccc(cc1)C(=O)O,-2.9434164716336326
CCC1(CCCCN(C)C1)c2cccc(O)c2,1.722466024471091
c1(c(c(c(Cl)c(n1)OC)OC)Cl)C(Cl)(Cl)Cl,3.1858665453113337
Cc1onc(NS(=O)(=O)c2ccc(N)cc2)c1,-1.7369655941662063
CN(C)C(=O)Oc1cc(OC(=O)N(C)C)cc(c1)C(O)CNC(C)(C)C,0.6780719051126377
[H]O[C@@H](CN1CCC(CC1)N(C)c1nc2ccccc2s1)COc1ccc(c(c1)F)F,1.3785116232537298
CCOc1ccc(\C=C\2/NCCc3cc(OCC)c(OCC)cc23)cc1OCC,0.925999418556223
COc1ccc2C[C@@H]3[C@@H]4C=C[C@H](O)[C@@H]5Oc1c2[C@]45CCN3C,1.8073549220576042
CCCC(C)(COC(=O)N)COC(=O)N,-0.5145731728297583
C[C@H]1CN(CC[C@@]1(C)c2cccc(c2)O)C[C@H](Cc3ccccc3)C(=O)NCC(=O)O,-1.2175914350726267
CC(CN1CCN(CC1)CCOCCO)CN2c3ccccc3Sc4c2cccc4,2.0214797274104512
CO[C@]1(NC(=O)C2SC(=C(C(=O)N)C(=O)O)S2)[C@H]3SCC(=C(N3C1=O)C(=O)O)CSc4nnnn4C,-2.9434164716336326
CC1(C)S[C@@H]2[C@H](NC(=O)[C@H](NC(=O)N3CCNC3=O)c4ccccc4)C(=O)N2[C@H]1C(=O)O,-1.9434164716336324
C1([C@@H]2[C@@]3([C@@]([C@@H]4[C@@H]([C@@]5(CC[C@@H](O[C@@H]6O[C@@H](C)[C@@H]([C@@H](C6)O)O[C@@H]6O[C@@H](C)[C@@H]([C@@H](C6)O)O[C@@H]6O[C@@H](C)[C@@H]([C@@H](C6)O)O)C[C@@H]5CC4)C)CC3)(C[C@@H]2OC(=O)C)O)C)=CC(=O)OC1,-0.3584539709124763
C(C(C)C)CCCCCCC(=O)N[C@H]1[C@H](Oc2c3cc4[C@H](C(N[C@@H]5c6cc(c7c([C@@H](NC([C@H]([C@@H](c8cc(c(O3)cc8)Cl)O[C@H]3[C@@H]([C@H]([C@H](O)[C@H](O3)CO)O)NC(C)=O)NC5=O)=O)C(=O)O)cc(O)cc7O[C@H]3O[C@@H]([C@@H](O)[C@@H]([C@@H]3O)O)CO)c(cc6)O)=O)NC([C@@H]3c5cc(Oc6cc(ccc6O)[C@@H](C(N[C@@H](C(N3)=O)Cc3cc(c(Oc2c4)cc3)Cl)=O)N)cc(c5)O)=O)O[C@@H]([C@H](O)[C@@H]1O)CO,-1.2515387669959646
CN(C)C(=O)Oc1ccc[n+](C)c1,0.13750352374993502
CN(CC(=O)N)C(=O)N(CCCl)N=O,-0.3959286763311392
Clc1cccc(Cl)c1NC2=NCCN2,1.722466024471091
CN1N=Nc2c(ncn2C1=O)C(=O)N,-1.0
O1[C@@H]2C[C@H]3[C@@H]4C[C@H](F)C5=CC(=O)C=C[C@@]5(C)[C@H]4[C@H](C[C@@]3([C@]2(C(CO)=O)OC1(C)C)C)O,0.11103131238874395
CN1CCN(CC1)C(=O)OC2N(C(=O)c3nccnc23)c4ccc(Cl)cn4,0.37851162325372983
CN(C)CCc1c[nH]c2ccc(Cn3cncn3)cc12,0.925999418556223
N[C@@H](C)[C@H](O)CCCCCCCCCCCCCCC,4.940166750482817
COC(=O)O[C@@]12CO[C@@H]1C[C@H](O)[C@]3(C)[C@@H]2[C@H](OC(=O)c4ccccc4)[C@]5(O)C[C@H](OC(=O)[C@H](O)[C@@H](NC(=O)c6ccccc6)c7ccccc7)C(=C([C@@H](OC(=O)C)C3=O)C5(C)C)C,2.786596361890807
C=1(c2c(cccc2)CC1CCN(C)C)[C@@H](c1ccccn1)C,1.1110313123887439
O=C([C@@H](N)CO)NC1=C(OC)C=CC(/C=C\C2=CC(OC)=C(OC)C(OC)=C2)=C1,-1.1844245711374275
CCCCCN(CCCOC)C(=O)[C@@H](CCC(=O)O)NC(=O)c1ccc(Cl)c(Cl)c1,-2.473931188332412
CS(=O)(=O)OCCCCOS(=O)(=O)C,-0.862496476250065
OC(CCN1CCCCC1)(C2CC3CC2C=C3)c4ccccc4,3.584962500721156
Cl.O=C(N1[C@@H](CCC1)C(=O)NC(C)(C)C)[C@H]1N(CCC1)C(=O)[C@@H](N(C(=O)[C@@H](NC(=O)[C@@H](N(C)C)C(C)C)C(C)C)C)C(C)C,-1.5994620704162712
COC(=O)C1=C(C)NC(=C(C1c2cccc3nonc23)C(=O)OC(C)C)C,0.5849625007211562
C(CCN[N+](C)(C)C)([O-])=O,-0.5145731728297583
CN(C)C(=N)NC(=N)N,-0.6438561897747247
C(SP(O)(O)=O)CNCCCN,-3.473931188332412
CCN(CC)CCOC(=O)C(Cc1cccc2c1cccc2)CC3CCCO3,-0.029146345659516508
O=C(O[C@@H]1C[C@@H]2CC3C[C@H](C1)N2CC3=O)c4c[nH]c5ccccc45,1.0
CCCCC(=O)N(Cc1ccc(cc1)c2ccccc2c3nnn[nH]3)[C@@H](C(C)C)C(=O)O,-2.1844245711374275
COc1cc(OC)c(C(=O)CCCN2CCCC2)c(OC)c1,0.37851162325372983
NCC1(CC(=O)O)CCCCC1,-0.4941090702700427
Cc1cc2c([nH]1)cccc2OCC(CNC(C)C)O,1.1176950426697545
C[C@@H](O)[C@@H]1[C@H]2[C@@H](C)C(=C(N2C1=O)C(=O)O)S[C@@H]3CN[C@@H](C3)C(=O)Nc4cccc(c4)C(=O)O,-3.0588936890535687
CC1[C@@H]2Cc3ccc(O)cc3[C@@]1(C)CCN2CC=C(C)C,1.765534746362977
CC\C=C/C\C=C/C\C=C/C\C=C/C\C=C/C\C=C/CCC(=O)O[C@H]([C@@H](NC(=O)c1ccccc1)c2ccccc2)C(=O)O[C@H]3C[C@@]4(O)[C@@H](OC(=O)c5ccccc5)[C@@H]6[C@@]7(CO[C@@H]7C[C@H](O)[C@@]6(C)C(=O)[C@H](OC(=O)C)C(=C3C)C4(C)C)OC(=O)C,-3.8783214434117474
CC(=O)N[C@@H](CS)C(=O)O,-0.862496476250065
Cc1ncc(N(=O)=O)n1CCO,-1.3219280948873622
CCOC(=O)[C@@]1(CCC=C[C@H]1N(C)C)c2ccccc2,2.0
[H]C#CCCCC(c1cc(c(c(c1)C(C)(C)C)O[H])C(C)(C)C)=O,3.584962500721156
CC(CC(c1ccccc1)c2ccccc2)NC(C)(C)C,2.350497247084133
CCC(=C)C(=O)c1ccc(OCC(=O)O)c(Cl)c1Cl,-1.9434164716336324
[H]N([H])C(C(CCn1ccnc1C)(c1ccccc1)c1ccccc1)=O,0.5945485495503542
COc1cc(cc(OC)c1O)[C@H]2[C@@H]3[C@H](COC3=O)[C@H](O[C@@H]4O[C@@H]5CO[C@H](O[C@H]5[C@H](O)[C@H]4O)c6cccs6)c7cc8OCOc8cc27,-1.286304185156641
COc1ccc(Cc2nccc3cc(OC)c(OC)cc23)cc1OC,0.0
C(N1CCN(c2nc(nc(n2)NCC=C)NCC=C)CC1)(c1ccc(F)cc1)c1ccc(F)cc1,5.144454313926194
CN(C)N=Nc1ccc(cc1)C(=O)O,-2.0
CN\C(=N/CCSCc1nc[nH]c1C)\NC#N,0.2630344058337938
c1(cc2c(cc1)[C@@H](c1c(cccc1)N(S2(=O)=O)C)NCCCCCCC(O)=O)Cl,-1.7369655941662063
COc1cc2nc(nc(N)c2cc1OC)N3CCN(CC3)C(=O)c4occc4,-0.4540316308947075
OC(=O)CN1C(=O)C(=O)Nc2cc(c(cc12)n3ccnc3)N(=O)=O,-2.395928676331139
C[C@@H]1C(=O)O[C@H]2[C@H](O)C34[C@H]5C[C@@H](C(C)(C)C)C36[C@@H](OC(=O)[C@@H]6O)OC4(C(=O)O5)[C@@]12O,-0.13606154957602837
n1(cc(c(c2cc(c(c(c12)OC(F)F)N1C[C@@H](NCC1)C)F)=O)C(=O)O)C1CC1,0.13750352374993502
CNCCCC12CCC(c3ccccc13)c4ccccc24,5.491853096329675
[H]N([H])c1c2cc(c(cc2nc(n1)N1CCN(CC1)C([C@H](C)OC)=O)OC)OC,-1.1844245711374275
CCN(CC)CCS(=O)(=O)[C@@H]1CCN2[C@H]1C(=O)O[C@@H](C(C)C)[C@H](C)\C=C\C(=O)NC\C=C/C(=C/[C@@H](O)CC(=O)Cc3occ(n3)C2=O)/C,-1.3584539709124763
NCCCC[C@H](N[C@@H](CCc1ccccc1)C(=O)O)C(=O)N2CCC[C@H]2C(=O)O,-0.16812275880832692
CC(N)COc1c(C)cccc1C,2.560714954474479
"n1(c(cnc1C)[N+](=O)[O-])C[C@@H](CCl)O
",0.21412480535284734
CC(C)NCC(O)c1ccc(O)c(O)c1,0.5849625007211562
CC(Cc1ccccc1)N(C)CC#C,0.925999418556223
CN1CCOC(c2ccccc2)c3ccccc3C1,2.4854268271702415
CC(=O)Nc1ccc(O)cc1,0.0
CC(C)NCC(O)COc1ccc(COCCOC(C)C)cc1,1.2630344058337937
CN1C(=O)CN=C(c2ccccc2)c3cc(Cl)ccc13,0.0
c1([C@H]2[C@H](C(N(CCN(C)C)c3c(cc(cc3)Cl)S2)=O)OC(C)=O)ccc(OC)cc1,3.277984747299765
N1(c2c(NC(c3c1cccc3)=O)cccn2)C(CN1CCN(C)CC1)=O,0.7739963251111731
O[C@@H]1[C@H]([C@H](OC[C@H]1O)O)O,-2.1202942337177118
N12[C@@H]([C@@H](NC([C@@H](c3ccccc3)O)=O)C2=O)SCC(=C1C(O)=O)CSc1n(nnn1)CS(O)(=O)=O,-2.8365012677171206
OC(=O)CCNC(=O)c1ccccc1,-1.8365012677171204
CN[C@H]1CN(C[C@@H]1OC)c2ccc3c(=O)c(cn(c3n2)c4nccs4)C(=O)O,0.5459683691052925
c1c(c(cc(c1Cl)N)OCC2CC2)C(=O)NC3CN4CCC3CC4,1.9634741239748859
CCNC(=O)[C@@H]1CCCN1C(=O)[C@H](CCCNC(=N)N)NC(=O)[C@H](CC(C)C)NC(=O)[C@@H](CC(C)C)NC(=O)[C@H](Cc2ccc(O)cc2)NC(=O)[C@H](CO)NC(=O)[C@H](Cc3c[nH]c4ccccc34)NC(=O)[C@H](Cc5c[nH]cn5)NC(=O)[C@@H]6CCC(=O)N6,-1.3959286763311392
Cc1nnc(SCC2=C(N3[C@H](SC2)[C@H](NC(=O)Cn4cnnn4)C3=O)C(=O)O)s1,-3.0588936890535687
CCC(CC)COC(C(=O)OCCN(C)C)(c1ccccc1)c2ccccc2,2.8278190246173196
CN[C@@H]1[C@H](O)[C@H](NC)[C@H]2O[C@]3(O)[C@@H](O[C@H](C)CC3=O)O[C@@H]2[C@H]1O,-2.9434164716336326
CC(=O)O[C@H]1[C@H](C[C@H]2[C@@H]3CC[C@H]4C[C@H](O)[C@H](C[C@]4(C)[C@H]3CC[C@]12C)N5CCOCC5)[N+]6(CC=C)CCCC6,-2.2515387669959646
C12CC3C(C1)(CC(C3)C2)c1nc2n(c(=O)n(c(=O)c2[nH]1)CCC)CCC,2.1043366598147357
c1c2OCCc2c2[C@H](CCNC(CC)=O)CCc2c1,0.070389327891398
Nc1c2CCCCc2nc3ccccc13,3.4594316186372973
CC[C@H](C)[C@H]1NC(=O)[C@@H](NC(=O)[C@@H](CC(C)C)N(C)C(=O)[C@@H]2CCCN2C(=O)C(=O)C)[C@@H](C)OC(=O)[C@H](Cc3ccc(OC)cc3)N(C)C(=O)[C@@H]4CCCN4C(=O)[C@H](CC(C)C)NC(=O)[C@@H](C)C(=O)[C@@H](OC(=O)C[C@@H]1O)C(C)C,2.797012977836145
CC[C@@]1(O)CN2CC[C@H]1C[C@@H]2[C@@H](O)c3ccnc4ccc(OC)cc34,2.765534746362977
N1(c2ccccc2)N=C(C)CC1=O,-2.1202942337177118
CCCCC[C@@H](/C=C/[C@H]1[C@@H](CC(=O)[C@@H]1CCCCCCC(=O)O)O)O,1.2630344058337937
O([C@@H]1[C@@H]([C@H]([C@H](O[C@@H]2[C@H](O[C@@H](OC[C@@H]([C@@H](\C=C\CCCCCCCCCCCCC)O)NC(CCCCCCCCCCCCCCCCC)=O)[C@@H]([C@H]2O)O)CO)O[C@@H]1CO)O)OC[C@@H]([C@@H]([C@H]1[C@@H]([C@H](C[C@](O1)(C(O)=O)O)O)NC(C)=O)O)O)[C@H]1[C@@H]([C@H]([C@@H](O)[C@H](O1)CO)O[C@@H]1O[C@@H]([C@H](O)[C@@H]([C@H]1O)O)CO)NC(C)=O,-3.8365012677171206
C[C@H](CCCC(C)(C)O)[C@H]1CC[C@@H]\2[C@@]1(CCC/C2=C\C=C/3\C[C@H](C[C@@H](C3=C)O)O)C,-2.0
CCN(CC)CCNC(=O)c1ccc(NS(=O)(=O)C)cc1,-0.2863041851566411
NC(=O)OC[C@@H]1[C@H](NC(=O)\C(=N/OCC(=O)O)\c2csc(N)n2)C(=O)N1S(=O)(=O)O,-2.473931188332412
[H]OC1=C(C(=O)Oc2ccccc12)[C@H](CC(C)=O)c1ccc(cc1)[N+]([O-])=O,-2.0588936890535687
C[C@]12CCC(=O)C=C1CC[C@H]3[C@@H]4CC[C@](O)(C(=O)CO)[C@@]4(C)C[C@H](O)[C@H]23,-1.3959286763311392
CC1(C)S[C@@H]2[C@H](\N=C\N3CCCCCC3)C(=O)N2[C@H]1C(=O)O,-1.434402824145775
CCN1CCN(C(=O)N[C@@H](C(=O)N[C@H]2[C@H]3SCC(=C(N3C2=O)C(=O)O)CSc4nnnn4C)c5ccc(O)cc5)C(=O)C1=O,-2.5563933485243853
N1(c2ccc(cc2)C(C(=O)O)C)C(=O)c2c(C1)cccc2,-3.0588936890535687
CCN(CCO)CCCC(C)Nc1ccnc2cc(Cl)ccc12,9.451211111832329
CCC(=O)O[C@H](CC(=O)[O-])C[N+](C)(C)C,-1.7369655941662063
c12c(n(c(=O)nc1c1ccccc1)C(C)C)cc(C)cc2,-0.9434164716336325
[H]N(C(C=Cc1c2c(cc(cc2n([H])c1C(=O)O[H])[Cl])[Cl])=O)c1ccccc1,-3.0588936890535687
[H]N=C(c1ccc(cc1)N([H])Cc1nc2cc(ccc2n1C)C(N(CCC(=O)O[H])c1ccccn1)=O)N([H])[H],-0.23446525363702297
C[C@@H](NCCc1ccc(O)cc1)[C@@H](O)c2ccc(O)cc2,2.137503523749935
C(C)(CCCCCCC(=O)N[C@H]1[C@H](Oc2c3cc4[C@H](C(N[C@@H]5c6cc(c7c([C@@H](NC([C@H]([C@@H](c8cc(c(O3)cc8)Cl)O[C@H]3[C@@H]([C@H]([C@H](O)[C@H](O3)CO)O)NC(C)=O)NC5=O)=O)C(=O)O)cc(O)cc7O[C@H]3O[C@@H]([C@@H](O)[C@@H]([C@@H]3O)O)CO)c(cc6)O)=O)NC([C@@H]3c5cc(Oc6cc(ccc6O)[C@@H](C(N[C@@H](C(N3)=O)Cc3cc(c(Oc2c4)cc3)Cl)=O)N)cc(c5)O)=O)O[C@@H]([C@H](O)[C@@H]1O)CO)C,-0.2688167584278
c12c(c(c(C(O)=O)cn1CC)=O)cnc(n2)N1CCNCC1,-0.18442457113742744
OC(=O)C1N=C(c2ccccc2)c3cc(Cl)ccc3NC1=O,-2.321928094887362
Nc1ncnc2c1ncn2CCOCP(=O)(O)O,-1.2515387669959646
OC(C(O)CC1=CC(O)=C(O)C=C1)=O,-1.3959286763311392
C1[C@@]2([C@@H]3[C@@](CC[C@H]2C(C)([C@H](C1)O)C)([C@@]1(C(=CC3)[C@H]2[C@@](CC1)(CC[C@H]([C@@H]2C)C)C(O)=O)C)C)C,-0.888968687611256
n1(nnnc1SCC1=C(N2[C@H](OC1)[C@@](C2=O)(OC)NC(=O)CSC(F)F)C(O)=O)CCO,-2.395928676331139
CC[C@]1(O)C[C@H]2CN(CCc3c([nH]c4ccccc34)[C@@](C2)(C(=O)OC)c5cc6c(cc5OC)N(C)[C@H]7[C@](O)([C@H](O)[C@]8(CC)C=CCN9CC[C@]67[C@H]89)C(=O)N)C1,2.321928094887362
C[C@@H]1[C@H]2[C@H](O)[C@H]3[C@H](N(C)C)C(=C(C(=O)N)C(=O)[C@@]3(O)C(=C2C(=O)c4c(O)cccc14)O)O,-0.5353317329965558
CCN(CC)CCCC(C)Nc1ccnc2cc(Cl)ccc12,7.129283016944966
O=C1NC=Nc2[nH]ncc12,-0.7858751946471527
CCC#CC(C)C1(CC=C)C(=O)NC(=O)N(C)C1=O,0.13750352374993502
O=C1CN=C(c2ccccc2)c3cc(ccc3N1)N(=O)=O,0.765534746362977
C(\c1ccc(Br)cc1)(c1cccnc1)=C\CN(C)C,2.765534746362977
CC[N+](C)(C)c1cccc(O)c1,0.13750352374993502
CC1([C@@H](N2[C@H](S1)[C@@H](C2=O)NC(=O)[C@@H](c3ccc(cc3)O)NC(=O)N4CCN(C4=O)/N=C/c5ccco5)C(=O)O)C,-2.321928094887362
Cn1cc(c2c1cccc2)C(=O)[C@@H]3CCc4c(nc[nH]4)C3,1.4059923596758368
N12[C@@H](c3c(cccc3)Cc3c1cccc3)C[N@@](C)CC2,3.7813597135246595
C(P(O)(O)=O)(P(O)(O)=O)(CCCN)O,-1.5994620704162712
CCOc1ccccc1O[C@@H]([C@H]2CNCCO2)c3ccccc3,-0.6214883767462701
CCCN1CCCC[C@H]1C(=O)Nc2c(C)cccc2C,-0.4150374992788438
CO\N=C(/C(=O)N[C@H]1[C@H]2SCC(=C(N2C1=O)C(=O)O)COC(=O)C)\c3csc(N)n3,-2.395928676331139
NC[C@H]1O[C@H](O[C@@H]2[C@@H](N)C[C@@H](N)[C@H](O[C@H]3O[C@H](CO)[C@@H](O)[C@H](N)[C@H]3O)[C@H]2O)[C@H](N)C[C@@H]1O,-2.1202942337177118
c1cc(c(cc1)C)C(=O)Nc1ccc(C(=O)N2CCC[C@@H](c3c2ccc(c3)Cl)O)c(c1)C,-1.0
NC(=N)NC(=O)Cc1c(Cl)cccc1Cl,2.4854268271702415
CCCNCC(O)COc1ccccc1C(=O)CCc2ccccc2,1.1375035237499351
c12[C@H]3[N@@](C[C@@H]4CC[C@@H]([C@@H]([C@@H]4C3)C(OC)=O)O)CCc1c1ccccc1[nH]2,-1.0588936890535685
NC(=O)c1csc(n1)[C@@H]2O[C@H](CO)[C@@H](O)[C@H]2O,0.13750352374993502
c12c(c[nH]c1nc(N)[nH]c2=O)CCc1ccc(C(N[C@H](CCC(=O)O)C(=O)O)=O)cc1,-2.736965594166206
"N1(C([C@@H](NC([C@@H](NC([C@@H](NC([C@@H](NC(=O)CCCC(C)C)C(C)C)=O)[C@H](O)C)=O)C(C)C)=O)C(C)C)=O)[C@@H](C(N[C@H](C(N[C@@H](C(N[C@@H]2C(N[C@@H](C(N[C@H](C(N[C@@H](Cc3ccccc3)C(N\C(C(N[C@H](C(O[C@@H]2C)=O)C(C)C)=O)=C/C)=O)=O)C(C)C)=O)[C@H](CC)C)=O)=O)[C@H](CC)C)=O)CCCN)=O)CCC1
",-3.1844245711374275
CSCCNc1nc(SCCC(F)(F)F)nc2n([C@@H]3O[C@@H]([C@H]([C@H]3O)O)CO[P@@](O[P@@](O)(=O)C(Cl)(P(O)(O)=O)Cl)(O)=O)cnc12,-4.836501267717121
COc1ccc2C[C@@H]3c4c(CC[N+]3(C)C)cc(OC)c(OC)c4Oc5ccc(C[C@H]6c7cc(Oc1c2)c(OC)cc7CC[N+]6(C)C)cc5,-1.3219280948873622
Nc1nc(N)c2nc(c(N)nc2n1)c3ccccc3,3.700439718141092
c12c3c(OC(c1ccc(c2)C)(C)C)cc(CCCCC)cc3O,4.085764553778314
CC1(C)S[C@@H]2[C@H](NC(=O)COc3ccccc3)C(=O)N2[C@H]1C(=O)O,-1.286304185156641
OCCNCCNc1ccc(NCCNCCO)c2C(=O)c3c(O)ccc(O)c3C(=O)c12,3.584962500721156
S=P(N1CC1)(N2CC2)N3CC3,0.6780719051126377
CCCCNC(=N)NC(=N)N,0.8797057662822882
c1(ccccc1)C(C(=O)OC1CCN(CC1)C)(OCCC)c1ccccc1,1.4489009511451278
c1(c(c(cc(c1O)Cl)Cl)OC)C(=O)NC[C@H]1N(CCC1)CC,0.13750352374993502
CO[C@H]1C[C@H](C)CC2=C(NCC=C)C(=O)C=C(NC(=O)\C(=C\C=C/[C@H](OC)[C@@H](OC(=O)N)\C(=C\[C@H](C)[C@H]1O)\C)\C)C2=O,1.0
Fc1ccc(cc1)C(=O)CCCN2CCC(CC2)N3C(=O)Nc4ccccc34,1.925999418556223
CNC1=Nc2ccc(Cl)cc2C(=N(=O)C1)c3ccccc3,-2.0
COCCCN1CCC(CC1)NC(=O)c2cc(c(c3c2OCC3)N)Cl,3.1259816538547156
CC[C@H](C)C(=O)O[C@H]1C[C@H](O)C=C2C=C[C@H](C)[C@H](CC[C@@H](O)C[C@@H](O)CC(=O)O)[C@@H]12,-1.1202942337177118
C[C@H]1[C@H](NC(=O)\C(=N/OC(C)(C)C(=O)O)\c2csc(N)n2)C(=O)N1S(=O)(=O)O,-2.473931188332412
NC(=N)Nc1nc(CSCCC(=N)NS(=O)(=O)N)cs1,0.2630344058337938
O=C([C@H](CSCCCC(N[C@@H](C1=O)CC2=CC=CC=C2)=O)NC([C@@H](NC([C@@](C)(NC([C@@H](N1)CC3=CC=CS3)=O)CC)=O)CC(N)=O)=O)N(C[C@H](O)C4)[C@@H]4C(N[C@@H](C(NCC(N)=O)=O)CCCNC(N)=N)=O,-1.6896598793878495
c1(c2c(nc(N3CCN(C)CC3)nc2)N)c(c(cc(c1)Cl)Cl)Cl,3.9364023777250634
c12c(cccc1cncc2)OCC(N[C@H](C(N[C@H]([C@@H](C(N1[C@@H](CSC1)C(NC(C)(C)C)=O)=O)O)Cc1ccccc1)=O)CSC)=O,-3.1844245711374275
CC(C)(C)NCC(O)COc1ccc(NC(=O)NC2CCCCC2)cc1,1.722466024471091
C[C@](N)(Cc1ccc(O)c(O)c1)C(=O)O,-0.5353317329965558
[H]N([H])C([C@](CCN1CCCCC1)(CCN(C(C)C)C(C)=O)c1ccccc1[Cl])=O,1.3785116232537298
NCCCCCC(=O)O,-1.3584539709124763
Oc1ccc2C[C@H]3N(CC4CCC4)CC[C@@]5(CCCC[C@@]35O)c2c1,3.584962500721156
COC(=O)CCc1ccc(OCC(O)CNC(C)C)cc1,0.2630344058337938
S1SC[C@@H]2NC([C@@H](CCCCN)NC([C@@H](NC(CNC([C@@H](NC(CNC([C@@H](NC([C@@H](CSSC[C@@H]3NC([C@@H](NC(=O)[C@@H](NC(=O)[C@@H](NC([C@@H](NC([C@@H](NC([C@@H](NC([C@@H](NC2=O)CO)=O)CCCNC(=N)N)=O)CC(C)C)=O)CCSC)=O)Cc2ccc(cc2)O)CC(O)=O)CSSC[C@@H](NC([C@@H](NC(CNC([C@@H](NC([C@@H](NC([C@@H](C1)NC([C@@H](NC(CNC(=O)[C@@H]([C@@H](C)O)NC3=O)=O)CO)=O)=O)CCCNC(=N)N)=O)CO)=O)=O)CCCCN)=O)C(=O)N)=O)N)=O)CCCCN)=O)=O)CCCCN)=O)=O)C)=O)=O,-1.2175914350726267
CO\N=C(/C(=O)N[C@H]1[C@H]2SCC=C(N2C1=O)C(=O)O)\c3csc(N)n3,-2.321928094887362
COc1cc(Cc2cnc(N)nc2N)cc(OC)c1OC,0.5849625007211562
C[C@@H](O)[C@@H]1[C@H]2[C@@H](C)C(=C(N2C1=O)C(=O)O)S[C@@H]3CN[C@@H](C3)C(=O)N(C)C,-1.7369655941662063
Cn1cncc1[C@@](c2ccc(cc2)Cl)(c3ccc4c(c3)c(cc(=O)n4C)c5cccc(c5)Cl)N,-0.10469737866669324
CC(C)[C@@H](CC[C@@H](C)[C@H]1CC[C@H]2[C@@H]3[C@H](O)C[C@H]4C[C@H](CC[C@]4(C)[C@H]3CC[C@]12C)NCCCNCCCCN)OS(=O)(=O)O,-2.1202942337177118
N([C@@H]1[C@@H]([C@@H]([C@@H]([C@@H](O[C@@H]2[C@@H](CC[C@@H](O2)[C@@H](C)N)N)[C@@H]1O)N)O)O)(C)C(CN)=O,-1.8889686876112561
c1ccc(cc1)C[C@H]2C(=O)N[C@H](C(=O)N[C@H](C(=O)N[C@@H](CSSC[C@@H](C(=O)N[C@H](C(=O)N2)Cc3ccc(cc3)O)NC(=O)CNC(=O)CNC(=O)CN)C(=O)N4CCC[C@H]4C(=O)N[C@@H](CCCCN)C(=O)NCC(=O)N)CC(=O)N)CCC(=O)N,-2.0588936890535687
COc1cc2nn[nH]c2cc1C(=O)NCC3CCCN3CC=C,0.6780719051126377
CC(C)n1c(\C=C\[C@H](O)C[C@H](O)CC(=O)O)c(c2ccc(F)cc2)c3ccccc13,-1.2515387669959646
c12c3c([C@@]4(O[C@@H](O3)[C@@H](O)[C@@H]([C@@H]4O)N(C)C)C)cc(c1C(c1c(c3[C@@H](C[C@@](Cc3cc1C2=O)(C)O)OC)O)=O)O,3.192194165283345
OC\C=C\1/O[C@@H]2CC(=O)N2[C@H]1C(=O)O,-2.1844245711374275
C[C@@]12CC[C@@H](C1(C)C)C[C@@]2(c3ccccc3)OCCN(C)C,2.944858445807539
"C([C@@H](NC([C@@H](NC([C@@H](NC([C@@H](NC([C@@H](NC([C@@H](Cc1ccc(O)cc1)N)=O)C)=O)CC(O)=O)=O)C)=O)[C@@H](CC)C)=O)C(N[C@@H](C(N[C@@H](C(N[C@@H](C(N[C@@H](Cc1ccc(O)cc1)C(N[C@@H](C(N[C@@H](C(N[C@@H](C(N[C@@H](C(NCC(N[C@@H](C(N[C@@H](C(N[C@@H](C(N[C@@H](C(N[C@@H](C(N[C@@H](C(N[C@@H](C(N[C@@H](C(N[C@@H](C(N[C@@H](C(N[C@@H](C(N[C@@H](C(N[C@@H](C(N[C@@H](CCCNC(N)=N)C(N)=O)=O)CO)=O)CCSC)=O)[C@@H](CC)C)=O)CC(O)=O)=O)CCC(N)=O)=O)CC(C)C)=O)CC(C)C)=O)CCCCN)=O)CCCNC(N)=N)=O)C)=O)CO)=O)CC(C)C)=O)CCC(N)=O)=O)=O)CC(C)C)=O)C(C)C)=O)CCCCN)=O)CCCNC(N)=N)=O)=O)CO)=O)CC(N)=O)=O)[C@@H](C)O)=O)c1ccccc1
",-1.5563933485243853
O[C@@H]1CO[C@@H]2[C@H](CO[C@H]12)ON(=O)=O,-0.21759143507262677
C1CSS[C@@H]1CCCCC(=O)O,-3.321928094887362
NC[C@H]1O[C@H](O[C@@H]2[C@@H](N)C[C@@H](N)[C@H](O)[C@H]2O[C@@H]3O[C@H](CO)[C@@H](O)[C@H]3O)[C@H](N)[C@@H](O)[C@@H]1O,-2.0
CCN(C)C(=O)Oc1cccc(c1)[C@H](C)N(C)C,0.37851162325372983
CO[C@H]1\C=C\O[C@@]2(C)Oc3c(C)c(O)c4C(=O)C(=C5NC6(CCN(CC(C)C)CC6)N=C5c4c3C2=O)NC(=O)\C(=C\C=C\[C@H](C)[C@H](O)[C@@H](C)[C@@H](O)[C@@H](C)[C@H](OC(=O)C)[C@@H]1C)\C,3.2172307162206693
Clc1ccccc1C2=NCC(=O)Nc3ccc(cc23)N(=O)=O,1.5360529002402097
N[C@@H](Cc1ccc(O)c(O)c1)C(=O)O,0.765534746362977
c1(cc2ccccc2cc1)C[C@H](C(N[C@@H](C(N[C@@H](C(N[C@@H](CO)C(N[C@H](C(N[C@@H](C(N[C@H](C(N[C@H](C(N1[C@@H](C(N[C@@H](C(N)=O)C)=O)CCC1)=O)CCCCNC(C)C)=O)CC(C)C)=O)Cc1ccc(cc1)NC(N)=O)=O)Cc1ccc(cc1)NC([C@H]1CC(NC(N1)=O)=O)=O)=O)=O)Cc1cnccc1)=O)Cc1ccc(cc1)Cl)=O)NC(C)=O,-0.4344028241457749
CCOC(=O)c1cncn1[C@H](C)c2ccccc2,1.4329594072761063
C([S@@](CCCC)(=N)=O)C[C@@H](C(O)=O)N,-1.9434164716336324
C[C@H]1CCc2c3n1cc(c(=O)c3cc(c2N4CCC(CC4)O)F)C(=O)O,-2.0
NC(=O)CN1CC(O)CC1=O,-0.862496476250065
CC(C)Oc1ccccc1N1CCN(CC1)Cc1cccc(c1)C(N1CCCCC1)=O,0.6229303509201767
CC1=CN([C@H]2C[C@H](N=[N+]=[N-])[C@@H](CO)O2)C(=O)NC1=O,0.8479969065549501
CC1(C)O[C@@H]2C[C@H]3[C@@H]4CCC5=CC(=O)C=C[C@]5(C)[C@@]4(F)[C@@H](O)C[C@]3(C)[C@@]2(O1)C(=O)CO,0.48542682717024166
CN(C)CCCNc1ncc(C)c2[nH]c3ccc4cc(O)ccc4c3c12,3.4594316186372973
c1c(c(=O)[nH]c(=O)n1C2CCCO2)F,-0.6896598793878495
C[C@@H]1C(=O)O[C@H]2C[C@@]34[C@H]5C[C@@H](C(C)(C)C)C36[C@@H](OC(=O)[C@@H]6O)OC4(C(=O)O5)[C@@]12O,-0.6896598793878495
CCOC(=O)C1(CCN(CC1)CCC(c2ccccc2)O)c3ccccc3,2.5109619192773796
CC(C)(O)c1ccccc1CC[C@@H](SCC2(CC(=O)O)CC2)c3cccc(\C=C\c4ccc5ccc(Cl)cc5n4)c3,-2.736965594166206
CCCC(C)C1(CC)C(=O)NC(=S)NC1=O,0.2630344058337938
CCCCN1CCCCC1C(=O)Nc2c(C)cccc2C,-0.25153876699596445
CCCC(=O)N1CCCN(CC1)c2nc(N)c3cc(OC)c(OC)cc3n2,-0.4739311883324124
[H]N([H])c1nc(cs1)C(C(N([H])[C@@H]1C(N2C(=C(CS[C@H]12)C=C1CCN(CC(F)(F)F)C1=O)C(=O)O[H])=O)=O)=NO[H],-3.1844245711374275
c12c(c(N3CCCCC3)nc(n2)N(CCO)CCO)nc(N(CCO)CCO)nc1N1CCCCC1,-0.2863041851566411
C[C@@H](O)[C@@H]1[C@H]2SC(=C(N2C1=O)C(=O)O)SCCOC(=O)N,-1.7369655941662063
C[C@@H]([C@@H](O)c1ccc(O)cc1)N2CCC(O)(CC2)c3ccccc3,2.137503523749935
C(S(=O)(=O)O)CS,-0.6214883767462701
[H]N(C(C)=O)c1ccc(cc1)C1[C@H](C)CC(N([H])N=1)=O,1.2509615735332187
[Na+].[Na+].c1(cc(c(cc1)\C=[N+](\C(C)(C)C)[O-])S(=O)(=O)[O-])S(=O)(=O)[O-],-2.473931188332412
C[C@@](O)(\C=C\[C@H]1CC=CC(=O)O1)[C@@H](C[C@@H](O)\C=C/C=C\C=C\CO)OP(=O)(O)O,-3.539519529959989
OC(=O)C(Cl)Cl,-2.395928676331139
Nc1nc(cs1)\C(=N\OCC(=O)O)\C(=O)N[C@H]2[C@H]3SCC(=C(N3C2=O)C(=O)O)C=C,-2.0588936890535687
c1nc2c(nc(nc2n1[C@H]3[C@@H]([C@@H]([C@H](O3)CO)O)O)N/N=C/C4CCCCC4)N,-1.3219280948873622
c1c(OC[C@@H](CNCc2cc(c(OC)cc2)OC)O)cc2c(c1)[nH]c(cc2)=O,0.6780719051126377
C(Nc1c(cccc1C)C)([C@H]1[N@@](CCCC)CCCC1)=O,-1.0291463456595165
CCc1cccc2cc(oc12)C(O)CNC(C)(C)C,0.765534746362977
O=C1CN(\N=C\c2oc(cc2)N(=O)=O)C(=O)N1,-0.8109661756099832
CC(=O)CC(C1=C(O)c2ccccc2OC1=O)c3ccccc3,-2.9434164716336326
s1c(nc2c1cc(cc2)OC(F)(F)F)N,1.8073549220576042
CO[C@]1(NC(=O)Cc2cccs2)[C@H]3SCC(=C(N3C1=O)C(=O)O)COC(=O)N,-2.5563933485243853
[H]OC([C@@]1(CCN(C[C@H]1C)C1CCC(CC1)(C#N)c1ccc(cc1)F)c1ccccc1)=O,0.22650852980867975
COc1ccc2nccc([C@@H](O)[C@@H]3C[C@@H]4CCN3C[C@@H]4C=C)c2c1,0.8479969065549501
N[C@@H]1[C@@H]([C@@H](O[C@H](O[C@@H]2c3c(O)c4C(=O)c5c(OC)cccc5C(=O)c4c(O)c3C[C@@](C2)(O)C(CO)=O)C1)C)O[C@@H]1CCCCO1,5.4329594072761065
CN1CCN(CC1)C(c2ccccc2)c3ccccc3,4.044394119358453
C[C@H]1[C@H]([C@H](C[C@@H](O1)O[C@H]2C[C@@](Cc3c2c(c4c(c3O)C(=O)c5cccc(c5C4=O)OC)O)(C(=O)C)O)N)O,5.002252451731379
CC1(C)S[C@@H]2[C@H](NC(=O)[C@H](C(=O)O)c3ccsc3)C(=O)N2[C@H]1C(=O)O,-2.643856189774725
CC[C@H]1OC(=O)[C@H](C)[C@@H](O[C@H]2C[C@@](C)(OC)[C@@H](O)[C@H](C)O2)[C@H](C)[C@@H](O[C@@H]3O[C@H](C)C[C@@H]([C@H]3O)N(C)C)[C@](C)(O)C[C@@H](C)C(=O)[C@H](C)[C@@H](O)[C@]1(C)O,-0.07400058144377693
C(\[C@@H]1[C@H]([C@@H](O)C[C@H]1O)C\C=C/CCCC(=O)NCC)=C\[C@H](CCc1ccccc1)O,-0.5777669993169522
[H]N([H])C(C12CC[N+](CC1)(CC2)CC1CSC2[C@@H](C(N2C=1C(=O)O[H])=O)N([H])C(C(c1nc(N([H])[H])sn1)=NOC)=O)=O,-1.8889686876112561
C\C=C\C1=C(N2[C@H](SC1)[C@H](NC(=O)[C@H](N)c3ccc(O)cc3)C2=O)C(=O)O,-2.2515387669959646
Cc1onc(c1C(=O)N[C@H]2[C@H]3SC(C)(C)[C@@H](N3C2=O)C(=O)O)c4c(F)cccc4Cl,-2.395928676331139
Oc1ccc(cc1)/C=C/C(=O)CCN(C)CCc2ccc3OCOc3c2,1.0908534304511135
C[N+]1([C@@H]2C[C@H](C[C@H]1[C@H]3[C@@H]2O3)OC(=O)[C@H](CO)c4ccccc4)CC5CC5,0.16349873228287956
[C@@]12([C@H]([C@H]3[C@H](C(=C)C2)[C@@H]2C(=CC(=O)CC2)CC3)CC[C@]1(C#C)O)CC,1.5210507369009632
CC(C(=O)O)c1ccc(cc1)C(=O)c2cccs2,-4.643856189774724
CC1=CN([C@@H]2O[C@H](CO)C=C2)C(=O)NC1=O,-0.5777669993169522
CN1[C@@H]2CC[C@H]1C[C@H](C2)OC(=O)c3c[nH]c4ccccc34,3.277984747299765
CO[C@@H]1C[C@@H](CC[C@H]1O)\C=C(/C)\[C@H]2OC(=O)[C@@H]3CCCCN3C(=O)C(=O)[C@]4(O)O[C@H]([C@H](C[C@@H](C)C\C(=C/[C@@H](CC=C)C(=O)C[C@H](O)[C@H]2C)\C)OC)[C@H](C[C@H]4C)OC,0.2630344058337938
CC[C@@]1(O)C(=O)OCC2=C1C=C3N(Cc4cc5c(N)cccc5nc34)C2=O,1.1375035237499351
c12c(N(C(c3cc4cc(NC(Nc5cc6c([nH]c(c6)C(N6c7c(c8c([nH]cc8C)c(c7)O)[C@@H](C6)CCl)=O)cc5)=O)ccc4[nH]3)=O)C[C@H]2CCl)cc(O)c2c1c(c[nH]2)C,-4.321928094887363
O[C@@H]([C@@H]([C@@H](CO)O)O)[C@@H](CO)O,-2.0588936890535687
C(O)[C@@]12[C@H](C3=CC[C@H]4[C@@]([C@@]3(C[C@H]2O)C)(C)CC[C@@H]2[C@]4(C)CC[C@@H]([C@@]2(CO)C)O[C@H]2[C@H](O[C@@H]3O[C@H](CO)[C@H]([C@@H]([C@H]3O)O)O)[C@@H](O)[C@@H]([C@H](O2)C(=O)O)O[C@@H]2O[C@H](CO)[C@H]([C@@H]([C@H]2O)O)O)CC([C@H]([C@@H]1OC(=O)C)OC(=O)/C(=C\C)/C)(C)C,-2.1202942337177118
n1cc(cc2ccccc12)C(=O)Nc1c(cc(c(c1)OC)OC)C(=O)Nc1ccc(cc1)CC[N@@]1Cc2cc(c(cc2CC1)OC)OC,2.678071905112638
ONC(=O)CCCCCCC(=O)Nc1ccccc1,-1.0
COc1nc(N)nc2c1ncn2[C@@H]3O[C@H](CO)[C@@H](O)[C@@H]3O,2.292781749227846
C[C@]12CC(=O)[C@H]3[C@@H](CCC4=CC(=O)C=C[C@]34C)[C@@H]1CC[C@]2(O)C(=O)CO,-0.8109661756099832
N[C@@H]1[C@H]2CN(C[C@@H]12)c3nc4N(C=C(C(=O)O)C(=O)c4cc3F)c5ccc(F)cc5F,0.37851162325372983
CC(C)C[C@H](NC(=O)[C@@H](CCCNC(=O)N)NC(=O)[C@H](Cc1ccc(O)cc1)NC(=O)[C@H](CO)NC(=O)[C@@H](Cc2cccnc2)NC(=O)[C@@H](Cc3ccc(Cl)cc3)NC(=O)[C@@H](Cc4ccc5ccccc5c4)NC(=O)C)C(=O)N[C@@H](CCCNC(=N)N)C(=O)N6CCC[C@H]6C(=O)N[C@H](C)C(=O)N,-1.3584539709124763
C=C(C[C@@H](C(=O)O)NC(=O)C1=CC=C(C=C1)CCC2=CN=C3C(=N2)C(=NC(=N3)N)N)C(=O)O,-0.5145731728297583
c1cn(c(=O)nc1N)[C@H]2CO[C@H](S2)CO,0.23878685958711648
N[C@@H]1CN(CC12CC2)c3c(F)cc4C(=O)C(=CN([C@@H]5C[C@@H]5F)c4c3Cl)C(=O)O,0.5849625007211562
Cc1nnc2CN=C(c3ccccc3Cl)c4cc(Cl)ccc4n12,-0.7858751946471527
C[C@@H]1CCN([C@H](C1)C(=O)O)C(=O)[C@H](CCCNC(=N)N)NS(=O)(=O)c2cccc3CC(C)CNc23,-2.5563933485243853
C1CSS[C@H]1CCCCC(=O)O,-3.1844245711374275
CC(C)(C)NC[C@H](O)COc1nsnc1N2CCOCC2,0.5849625007211562
c1ccccc1CC[C@H](N[C@@H](C(N1[C@@H](CC2(C1)SCCS2)C(=O)O)=O)C)C(=O)OCC,-1.2175914350726267
c1(C(c2ccc(SC)cc2)=O)c([nH]c([nH]1)=O)C,0.5655971758542251
CCN(C(=O)C)c1cccc(c1)c2ccnc3c(cnn23)C#N,0.37851162325372983
NC(=N)c1ccc(OCCCCCOc2ccc(cc2)C(=N)N)cc1,5.727920454563199
[C@@]123[C@@H]([C@@H](C(=C1)OC)OC(=O)[C@](CC(=O)OC)(O)CCCC(O)(C)C)c1c(cc4c(c1)OCO4)CCN2CCC3,0.8479969065549501
COC(=O)[C@H]1[C@H](C[C@@H]2CC[C@H]1N2C)OC(=O)c3ccccc3,1.0
n1c2c(nc[nH]2)c([nH]c1N)=S,1.5310694927259543
Nc1nc(F)nc2c1ncn2[C@@H]3O[C@H](CO)[C@@H](O)[C@@H]3O,1.1375035237499351
P(O[C@H]1[C@@H]([C@H]([C@H](O)[C@H](O1)CO)O)O)(=O)(NCCCl)NCCCl,-2.0588936890535687
C(=N\c1ccncc1)(\N[C@@H](C(C)(C)C)C)NC#N,0.13750352374993502
c1(OCCCN(C)C)c2c(n(n1)Cc1ccccc1)cccc2,0.6135316529179271
C1C[C@@H](N)[C@H](O[C@@H]1CNC)O[C@@H]1[C@@H]([C@H]([C@@H](C[C@@H]1N)N)O[C@@H]1[C@@H]([C@H]([C@](CO1)(O)C)NC)O)O,-2.736965594166206
CCCNC(=O)NS(=O)(=O)c1ccc(Cl)cc1,-2.395928676331139
COc1ccc2CN(C)CC[C@@]34C=C[C@H](O)C[C@@H]3Oc1c24,1.2016338611696504
N1([C@H](C(=O)N)CC)C(=O)CCC1,-0.7369655941662062
COc1c2c(ccc(=O)o2)cc3c1occ3,-0.7131188522118385
OCC(CO)NN1C(=O)c2c(C1=O)c3c4ccc(O)cc4n([C@@H]5O[C@H](CO)[C@@H](O)[C@H](O)[C@H]5O)c3c6[nH]c7cc(O)ccc7c26,0.5360529002402097
o1c(=O)c(c(c2ccc(cc12)OCCCN1CCN(CC1)Cc1ccc(cc1)Cl)C)C,0.37851162325372983
c12c3[C@@H]4[C@H]([N@@](C[C@@H](C4)CNC(OCc4ccccc4)=O)C)Cc1cn(c2ccc3)C,-0.8109661756099832
O(C(=O)C(c1sccc1)(O)c1cccs1)C1C[C@@H]2[C@H]3O[C@H]3[C@H](C1)[N+]2(C)C,5.0
CN(C)CC\C=C/1\c2ccccc2Sc3ccc(Cl)cc13,3.776103988073164
CCC1(C(=O)NC(=O)NC1=O)c2ccccc2,-0.888968687611256
[C@H]1(n2c(=O)nc(cc2)N)O[C@@H]([C@]([C@H]1O)(O)C#C)CO,0.13750352374993502
COC(=O)C(C1CCCCN1)c2ccccc2,1.1375035237499351
C[C@@H](CN1CC(=O)NC(=O)C1)N2CC(=O)NC(=O)C2,-0.862496476250065
CC1CCN(CCCC(=O)c2ccc(F)cc2)CC1,3.807354922057604
C[C@]12CC[C@H]3[C@@H](CCc4cc(O)ccc34)[C@@H]1CC[C@@]2(O)C#C,2.1043366598147357
COc1cc2c(N)nc(nc2c(OC)c1OC)N3CCN(CC3)C(=O)OCC(C)(C)O,-2.473931188332412
C(c1ccco1)(=O)O[C@]1([C@@]2([C@H]([C@@H]3[C@]([C@@]4(C(=CC(=O)C=C4)CC3)C)(Cl)[C@H](C2)O)C[C@H]1C)C)C(CCl)=O,1.1375035237499351
CCN1CC(CCN2CCOCC2)C(C1=O)(c3ccccc3)c4ccccc4,0.2630344058337938
CCC[C@@H]1C[C@H](N(C)C1)C(=O)N[C@H]([C@H](C)Cl)[C@H]2O[C@H](SC)[C@H](O)[C@@H](O)[C@H]2O,-0.3400754415976217
CN1CCC[C@H]1c2cccnc2,1.3785116232537298
CC1(C)S[C@@H]2[C@H](NC(=O)[C@@H](c3ccccc3)S(=O)(=O)O)C(=O)N2[C@H]1C(=O)O,-2.736965594166206
N1[C@@H](C)CN(CC1)c1c(F)cc2c(c(cn(c2c1F)CC)C(O)=O)=O,1.0285691521967708
CCCCc1nc(Cl)c(CO)n1Cc2ccc(cc2)c3ccccc3c4nnn[nH]4,-1.434402824145775
C(C(=O)N[C@H]1[C@H](Oc2c3cc4[C@H](C(N[C@@H]5c6cc(c7c([C@@H](NC([C@H]([C@@H](c8cc(c(O3)cc8)Cl)O[C@H]3[C@@H]([C@H]([C@H](O)[C@H](O3)CO)O)NC(C)=O)NC5=O)=O)C(=O)O)cc(O)cc7O[C@H]3O[C@@H]([C@@H](O)[C@@H]([C@@H]3O)O)CO)c(cc6)O)=O)NC([C@@H]3c5cc(Oc6cc(ccc6O)[C@@H](C(N[C@@H](C(N3)=O)Cc3cc(c(Oc2c4)cc3)Cl)=O)N)cc(c5)O)=O)O[C@@H]([C@H](O)[C@@H]1O)CO)C\C=C/CCCCC,-0.12029423371771177
[H]N([H])C1C=CN(C(N=1)=O)[C@H]1[C@H]([C@@H]([C@@H](CO[H])O1)O[H])O[H],-0.5777669993169522
C(CCNCCN1C(=O)c2c(ccc3ccccc23)C1=O)NCCN1C(=O)c2c(ccc3ccccc23)C1=O,3.584962500721156
Cc1cc(c(cc1C(=O)NC(=N)N)S(=O)(=O)C)n2cccc2,0.13750352374993502
OC[C@@H](NC(=O)C(Cl)Cl)[C@H](O)c1ccc(cc1)N(=O)=O,-0.08926733809708741
C[C@@H](c1ncncc1F)[C@](O)(Cn2cncn2)c3ccc(F)cc3F,1.1375035237499351
COc1cc2CC[N+](C)(C)[C@@H]3Cc4ccc(O)c(Oc5cc6[C@H](Cc7ccc(Oc(c1O)c23)cc7)N(C)CCc6cc5OC)c4,-1.15200309344505
CC[N+](CC)(CC)CCOc1cccc(c1OCC[N+](CC)(CC)CC)OCC[N+](CC)(CC)CC,-1.8889686876112561
c1(OC(N(CCCCCCN(C(Oc2c[n+](ccc2)C)=O)C)C)=O)c[n+](ccc1)C,0.0
OC1(CCN(CCCC(=O)c2ccc(F)cc2)CC1)c3ccc(Cl)cc3,4.087462841250339
COc1ccc(Cl)cc1[C@]2(F)C(=O)Nc3cc(ccc23)C(F)(F)F,3.321928094887362
[H]Oc1cc(C)c(C(=O)O[C@H]2CO[C@]3(C4[C@H]2OCO4)O[C@@H]2CO[C@@H]([C@@H]([C@H]2O3)O[H])O[C@@H]2[C@H]([C@@H]([C@H]([C@H](COC)O2)O[C@H]2[C@@H]([C@H]([C@H]([C@@H](C)O2)OC)O[C@@H]2[C@@H]([C@]3(C)[C@H]([C@@H](C)O2)O[C@]2(C[C@H]([C@@H]([C@@H](C)O2)O[C@@H]2C[C@@H]([C@H]([C@H](C)O2)OC(c2c(C)c(c(c(c2OC)[Cl])O[H])[Cl])=O)O[C@H]2C[C@](C)([C@H]([C@@H](C)O2)OC)[N+]([O-])=O)O[H])O3)O[H])O[H])O[H])OC)c(c1)O[H],-1.3584539709124763
CCC1=C[C@@H]2CN(C1)Cc3c([nH]c4ccccc34)[C@@](C2)(C(=O)OC)c5cc6c(cc5OC)N(C)[C@H]7[C@](O)([C@H](OC(=O)C)[C@]8(CC)C=CCN9CC[C@]67[C@H]89)C(=O)OC,4.523561956057013
CCN1C=C(C(=O)O)C(=O)c2cc(F)c(cc12)N3CCN(C)CC3,0.5849625007211562
C[C@H](CCc1ccccc1)NC[C@H](O)c2ccc(O)c(c2)C(=O)N,2.263034405833794
C[C@H](O)C(=O)Nc1c(I)c(C(=O)NC(CO)CO)c(I)c(C(=O)NC(CO)CO)c1I,-1.8365012677171204
c12CC(c3c(N(c2cccc1)C(=O)N)cccc3)O,-0.4739311883324124
CN(C)Cc1nnc2CN=C(c3ccccc3)c4cc(Cl)ccc4n12,-0.029146345659516508
CN1C(=C(O)c2sccc2S1(=O)=O)C(=O)Nc3ccccn3,-2.395928676331139
NC(=N)c1ccc(CNC(=O)[C@@H]2CCN2C(=O)[C@H](NCC(=O)O)C3CCCCC3)cc1,-2.1202942337177118
CN[C@@H]1[C@@H](O)[C@@H](O[C@H]2[C@H](N)C[C@H](N)[C@@H](O[C@H]3OC(=CC[C@H]3N)CN)[C@@H]2O)OC[C@]1(C)O,-2.395928676331139
CN1C(=C(O)c2ccccc2S1(=O)=O)C(=O)Nc3cc(C)on3,-2.395928676331139
c1(c(c(c(I)c(c1I)C(NC[C@@H](CO)O)=O)C(NC[C@@H](CO)O)=O)I)N(C[C@@H](COC)O)C(C)=O,-2.321928094887362
CC1Nc2cc(Cl)c(cc2C(=O)N1c3ccccc3C)S(=O)(=O)N,0.6780719051126377
COc1ccc(CN(CCC(=O)O)C(=O)CNC(=O)Cc2ccc(NC(=O)Nc3ccccc3C)c(OC)c2)cc1OC,-2.0
[C@H]12C[C@H](OC(=O)C[C@@H](C(C(=O)[C@H]([C@H]([C@H](CCC[C@]1(O2)C)C)O)C)(C)C)O)C(=C\c1nc(sc1)C)\C,3.84799690655495
[C@H]1(C(=C(C(=O)O1)O)O)[C@H](CO)O,-1.5145731728297582
c1ccc(cc1)CC[C@H](N[C@@H]1C(N2[C@@H](CCC[N@@]2CCC1)C(O)=O)=O)C(O)=O,1.8875252707415875
C1[C@@H]([C@@]1(C(=O)N(CC)CC)c1ccccc1)CN,2.1731274334806563
NS(=O)(=O)c1cc(cc(N2CCCC2)c1Oc3ccccc3)C(=O)O,-2.5563933485243853
[H]N(C1CCC(CC1)C(=O)O[H])C(C1(CCCC1)CC[C@@H](COCOC)C(=O)O[H])=O,-2.0
CCCCCN(C)CCC(O)(P(=O)(O)O)P(=O)(O)O,-0.862496476250065
N(c1c(cccc1Cl)Cl)(C=1NCCN1)CC=C,1.4436066514756147
CN(=O)(C)CCCN1c2ccccc2CCc3ccccc13,0.925999418556223
CC(c1ccc2c3cc(ccc3[nH]c2c1)Cl)C(=O)O,-2.1844245711374275
CN1CCCCC1C(=O)Nc2c(C)cccc2C,-0.07400058144377693
COC(=O)C1=C(C)NC(=C(C1c2ccccc2N(=O)=O)C(=O)OCC(C)C)C,2.4594316186372973
Cc1ccc(cc1)C(=O)c2cc(O)c(O)c(c2)N(=O)=O,-3.0588936890535687
C[C@@H]([C@@](O)(Cn1cncn1)c2ccc(F)cc2F)S(=O)(=O)C,-0.6896598793878495
CN1[C@@H]2CC[C@H]1C[C@H](C2)OC(=O)C(CO)c3ccccc3,1.722466024471091
CCO[C@@H](Cc1ccc(OCCc2ccc(OS(=O)(=O)C)cc2)cc1)C(=O)O,-2.9434164716336326
CC1=C(CO)C2=C(C)C3(CC3)[C@@](C)(O)C(=O)C2=C1,1.632268215499513
COC(=O)C1=C(C)NC(=C(C1c2cccc(c2)N(=O)=O)C(=O)OCCN(C)Cc3ccccc3)C,0.0
CN(C)CCCN1c2ccccc2Sc3ccccc13,3.017921907997262
CN\C(=C/N(=O)=O)\NCCSCc1oc(CN(C)C)cc1,0.2630344058337938
CC(C)(O\N=C(/C(=O)N[C@H]1[C@H]2SCC(=C(N2C1=O)C(=O)[O-])C[n+]3ccccc3)\c4csc(N)n4)C(=O)O,-1.6896598793878495
CCCCc1ncc(\C=C(/Cc2cccs2)\C(=O)O)n1Cc3ccc(cc3)C(=O)O,-2.5563933485243853
Fc1ccc(cc1)[C@@H]2CCNC[C@H]2COc3ccc4OCOc4c3,4.169925001442312
CC(C)NCC(O)COc1cccc2ccccc12,1.632268215499513
CCCCCCCCCCCC(=O)CC(=O)N[C@H]1[C@@H](OP(=O)(O)O)O[C@H](CO[C@@H]2O[C@H](COC)[C@@H](OP(=O)(O)O)[C@H](OCC[C@@H](CCCCCCC)OC)[C@H]2NC(=O)CCCCCCCCC\C=C/CCCCCC)[C@@H](O)[C@@H]1OCCCCCCCCCC,-4.380821783940931
OC(=O)c1cc(ccc1O)N=Nc2ccc(O)c(c2)C(=O)O,-3.8365012677171206
CCCCS(=O)(=O)N[C@@H](Cc1ccc(OCCCCC2CCNCC2)cc1)C(=O)O,-1.5563933485243853
C(CN)(=O)OC[C@H]([C@@H](c1ccc(cc1)S(=O)(=O)C)O)NC(=O)C(Cl)Cl,-2.9434164716336326
COC(=O)Nc1nc2cc(ccc2[nH]1)C(=O)c3ccccc3,0.2630344058337938
C(=O)([C@@H](NC(=O)c1ccc(cc1)NC[C@@H]1N(c2c(=O)nc([nH]c2NC1)N)C=O)CCC(=O)O)O,-1.8889686876112561
[H]N(C(CP(=O)(O[H])O[H])=O)[C@@H](CC(=O)O[H])C(=O)O[H],-1.5994620704162712
Oc1ccc2C[C@H]3N(CC4CC4)CC[C@@]56[C@@H](Oc1c25)C(=O)CC[C@@]36O,2.925999418556223
CN(C(=O)C)c1c(I)c(NC(=O)C)c(I)c(C(=O)O)c1I,-2.5563933485243853
CCCC1C(=O)N2N(C1=O)c3cc(C)ccc3N=C2N(C)C,-3.0588936890535687
CC(C)([C@H](C(=O)O)N)S,0.3334237337251918
C[C@]12CC[C@H]3[C@@H](CCc4cc(OC(=O)N(CCCl)CCCl)ccc34)[C@@H]1CC[C@@H]2OP(=O)(O)O,-3.0588936890535687
CN1[C@@H]2CCC[C@H]1C[C@H](C2)NC(=O)c3nn(C)c4ccccc34,1.8875252707415875
CN([C@@H]1CCCC[C@H]1N2CCCC2)C(=O)Cc3cccc4c3ccs4,0.13750352374993502
c1(c(cccc1)OC[C@@H](CNC(C)C)O)OCC=C,-0.4739311883324124
O=C2N1/C(=C(\CS[C@@H]1[C@@H]2NC(=O)[C@@H](c3ccc(O)cc3)NC(=O)C\4=C\N\C(=C/C/4=O)C)CSc5nnnn5C)C(=O)O,-2.736965594166206
COc1ccccc1Oc2c(NS(=O)(=O)c3ccc(cc3)C(C)(C)C)nc(nc2OCCO)c4ncccn4,-1.7858751946471527
c1ccc(cc1)[C@H](C(=O)O)NC(=O)[C@H](CS(=O)(=O)CCOP(=O)(N(CCCl)CCCl)N(CCCl)CCCl)NC(=O)CC[C@@H](C(=O)O)N,-1.1202942337177118
CN(C)CCc1c[nH]c2ccc(CS(=O)(=O)N3CCCC3)cc12,1.1375035237499351
c12c(C[C@@H](NC([C@@H](NC([C@@H](NC([C@@H](NC([C@@H](NC([C@@H](NC([C@@H](NC([C@@H](NC([C@@H](NC([C@@H](Cc3c[nH]cn3)NC([C@@H](NC(CNC([C@@H](NC([C@@H](NC([C@@H](Cc3c[nH]cn3)NC([C@@H](NC([C@@H](NC([C@@H](NC([C@@H](NC([C@@H](NC([C@@H](NC([C@@H](NC([C@@H](CO)N)=O)C(C)C)=O)CO)=O)CCC(O)=O)=O)[C@@H](CC)C)=O)CCC(N)=O)=O)CC(C)C)=O)CCSC)=O)=O)CC(N)=O)=O)CC(C)C)=O)=O)CCCCN)=O)=O)CC(C)C)=O)CC(N)=O)=O)CO)=O)CCSC)=O)CCC(O)=O)=O)CCCNC(N)=N)=O)C(C)C)=O)CCC(O)=O)=O)C(N[C@@H](C(N[C@@H](C(N[C@@H](C(N[C@@H](C(N[C@@H](C(N[C@@H](C(N[C@@H](C(N[C@@H](C(N[C@@H](Cc3c[nH]cn3)C(N[C@@H](C(N[C@@H](Cc3ccccc3)C(O)=O)=O)CC(N)=O)=O)=O)C(C)C)=O)CC(O)=O)=O)CCC(N)=O)=O)CC(C)C)=O)CCCCN)=O)CCCCN)=O)CCCNC(N)=N)=O)CC(C)C)=O)c[nH]c1cccc2,-2.5563933485243853
CN(C)CCC(c1ccc(Cl)cc1)c2ccccn2,1.722466024471091
O1c2cccc(c2OCC1)N1CCNCC1,1.84799690655495
C[C@]12CC[C@H]3[C@H]([C@@H]1CC[C@]2(C#C)O)CCC4=Cc5c(cno5)C[C@]34C,2.372952097911829
C(Nc1c(cc(NCc2ccc(F)cc2)cc1)N)(=O)OCC,1.3219280948873624
CC(C)(C)NC(=O)[C@H]1CC[C@H]2[C@@H]3CC=C4C=C(CC[C@]4(C)[C@H]3CC[C@]12C)C(=O)O,-0.888968687611256
c1cc(cc(c1)Cl)N2CCN(CC2=O)Cc3cncn3Cc4ccc(cc4)C#N,-0.3219280948873623
CN1C(=C(O)c2ccccc2S1(=O)=O)C(=O)Nc3ncc(C)s3,-2.736965594166206
C1(C(=C([C@@](C(=C1C(\C=C\c1ccc(cc1)O)=O)O)(O)[C@H]1[C@H](O)[C@@H](O)[C@H](O)[C@H](O1)CO)O)[C@H]1[C@H](O)[C@@H](O)[C@H](O)[C@H](O1)CO)=O,-2.321928094887362
c1(ccccc1)C[C@H](C)N,2.608809242675524
CCCC(=O)Nc1ccc(OCC(O)CNC(C)C)c(c1)C(=O)C,0.765534746362977
CN(C)CCNc1ccc2c3c(nn2CCNCCO)c4cnccc4C(=O)c13,5.832890014164741
C1[C@@H]2[C@@H](CN1NC(NS(c1ccc(C)cc1)(=O)=O)=O)CCC2,-1.2175914350726267
C[C@H](N[C@@H](CCc1ccccc1)C(=O)O)C(=O)N2CCC[C@H]2C(=O)O,-1.3959286763311392
N12[C@@H]([C@@H](NC(\C(c3csc(n3)N)=N/OC)=O)C2=O)SCC(=C1C(O)=O)CSc1n(nnn1)C,-2.321928094887362
NCCCC[C@H](NC(=O)[C@@H](Cc1cc(Br)c(O)c(Br)c1)NC(=O)N2CCC(CC2)N3Cc4ccccc4NC3=O)C(=O)N5CCN(CC5)c6ccncc6,-1.6896598793878495
CC(=O)OCC1=C(N2[C@H](SC1)[C@H](NC(=O)CSc3ccncc3)C2=O)C(=O)O,-2.9434164716336326
COc1ccnc(CS(=O)c2nc3ccc(OC(F)F)cc3[nH]2)c1OC,-2.5563933485243853
CCc1nc(N)nc(N)c1c2ccc(Cl)cc2,-1.2175914350726267
N12[C@@]([C@H]3N(CCC3)C([C@@H]1Cc1ccccc1)=O)(O[C@](NC([C@@H]1C[C@@H]3c4c5c(c[nH]c5ccc4)C[C@H]3[N@@](C1)C)=O)(C)C2=O)O,-1.5994620704162712
c1cc(ccc1C(=O)Oc2ccc3cc(ccc3c2)C(=N)N)NC(=N)N,2.513490745588118
NC1=NC(=O)N(C=N1)[C@H]2C[C@H](O)[C@@H](CO)O2,2.2016338611696504
c1c(ccc(c1)C(F)(F)F)NC(=O)/C(=C(/C)O)C#N,-2.643856189774725
NC1=NC(=O)C2=C(NCC(CNc3ccc(cc3)C(=O)N[C@@H](CCC(=O)O)C(=O)O)N2C=O)N1,-2.0
c12C(=NCC(=O)Nc1ccc(c2)Br)c1c(cccc1)Cl,-3.4900508536956893
COC1=CC=C2C(=CC1=O)[C@H](CCc3cc(OC)c(OC)c(OC)c23)NC(=O)C,2.608809242675524
c12c(cc(C#Cc3ccc(C(OCC)=O)cn3)cc1)C(CCS2)(C)C,1.8278190246173196
CO\N=C(/C(=O)N[C@H]1[C@H]2SCC(=C(N2C1=O)C(=O)[O-])C[n+]3cccc4CCCc34)\c5csc(N)n5,-2.0588936890535687
CCCCCc1cc(O)c([C@@H]2C=C(C)CC[C@H]2C(=C)C)c(O)c1,2.7420062108667365
CNS(=O)(=O)CCc1ccc2[nH]cc(C3CCN(C)CC3)c2c1,1.2630344058337937
C(O)[C@@]12[C@H](C3=CC[C@H]4[C@@]([C@@]3(C[C@H]2O)C)(C)CC[C@@H]2[C@]4(C)CC[C@@H]([C@@]2(CO)C)O[C@H]2[C@H](O[C@@H]3O[C@H](CO)[C@H]([C@@H]([C@H]3O)O)O)[C@@H](O)[C@@H]([C@H](O2)C(=O)O)O[C@@H]2O[C@H](CO)[C@H]([C@@H]([C@H]2O)O)O)CC([C@H]([C@@H]1OC(=O)C)OC(=O)/C(=C/C)/C)(C)C,-1.8365012677171204
O=C(Cc1csc(N)n1)Nc3ccc(CCNC[C@H](O)c2ccccc2)cc3,4.572889668420581
CN[C@@H]1[C@@H](O)[C@@H](O[C@@H]2[C@@H](O)[C@H](O[C@H]3O[C@H](CN)[C@@H](O)[C@H](O)[C@H]3O)[C@@H](N)C[C@H]2NC(=O)[C@@H](O)CN)OC[C@]1(C)O,-1.6438561897747246
[C@@H]12[C@@H]([C@@]3(C(=CC(=O)CC3)CC2)C)CC[C@]2([C@H]1CC[C@@H]2O)C,-1.5145731728297582
COc1ccccc1Oc2c(NS(=O)(=O)c3ccc(cn3)C(C)C)nc(nc2OCCO)c4ccnc(c4)c5nnn[nH]5,-1.8365012677171204
C1(=O)[C@H]([C@@H]2N1C(=C(CS2)Sc1scc(n1)c1cc[n+](cc1)C)C(=O)[O-])NC(=O)/C(=N\OCC)c1nc(sn1)NP(=O)(O)O,-0.9159357352115255
COc1cc2nc(nc(N)c2cc1OC)N(C)CCCNC(=O)C3CCCO3,0.5849625007211562
[H]/N=C(/c1cccc(c1)C[C@H]([C@@H](C)NC(=O)c2ccc(cc2)c3cc[n+](cc3)[O-])C(=O)OC)\N,-0.16812275880832692
CN1C(=O)NC(=O)C(C)(C2=CCCCC2)C1=O,0.13750352374993502
CO[C@@H]1C[C@H](C[C@@H](C)[C@@H]2CC(=O)[C@H](C)\C=C(/C)\[C@@H](O)[C@@H](OC)C(=O)[C@H](C)C[C@H](C)\C=C\C=C\C=C(/C)\[C@H](C[C@@H]3CC[C@@H](C)[C@@](O)(O3)C(=O)C(=O)N4CCCC[C@H]4C(=O)O2)OC)CC[C@@H]1n5cnnn5,0.37851162325372983
[nH]1cncc1C1(Cc2c(C1)cccc2)CC,1.4329594072761063
CCN1CCC[C@H]1CNC(=O)c2c(OC)ccc(Br)c2OC,-0.6214883767462701
[H]O[C@](Cn1cncn1)(c1cc(ccc1F)F)[C@@H](C)c1nc(cs1)c1ccc(C#N)cc1,2.424922088210688
Cc1onc(c2ccccc2)c1C(=O)N[C@H]3[C@H]4SC(C)(C)[C@@H](N4C3=O)C(=O)O,-2.395928676331139
CC1(C)C[C@@H]1C(=O)N\C(=C/CCCCSC[C@H](N)C(=O)O)\C(=O)O,-2.736965594166206
C[C@H]1O[C@H](O[C@H]2[C@H](O)[C@@H](O)[C@@H](O[C@H]([C@H](O)CO)[C@H](O)[C@@H](O)C=O)O[C@@H]2CO)[C@H](O)[C@@H](O)[C@@H]1N[C@H]3C=C(CO)[C@@H](O)[C@H](O)[C@H]3O,-1.6438561897747246
c1ccc([C@H]([C@H]2CCCCN2)C(OC)=O)cc1,1.4059923596758368
c1(c2c(cccc2)[nH]c1)C[C@@H]1NC(=O)[C@@H](Cc2ccc(O)cc2)NC([C@@H](CSSC[C@@H](NC([C@@H](NC([C@@H](NC1=O)CCCCN)=O)C(C)C)=O)C(N[C@@H]([C@@H](C)O)C(=O)N)=O)NC(=O)[C@@H](N)Cc1ccc2c(c1)cccc2)=O,-2.321928094887362
CCCN1C(=O)NC(=O)c2nc[nH]c12,-0.6665762662748083
C1C(CCN(C1)CCCC(c1ccc(C(C(=O)O)(C)C)cc1)=O)OC(c1ccccc1)c1ccccc1,-1.286304185156641
C[C@@H]1CCC[C@H](C)N1CCCC(O)(c2ccccc2)c3ccccn3,0.48542682717024166
CC[C@H](OC(=O)C)C(C[C@H](C)N(C)C)(c1ccccc1)c2ccccc2,3.0531113364595623
c12c([nH]cc1CCNC(C)=O)ccc(c2)OC,0.13750352374993502
c1ccc([C@H]2Oc3cc(O)cc(c3C(C2)=O)O)cc1,-0.3219280948873623
CCc1c2CN3C(=O)C4=C(C=C3c2nc5ccc(OC(=O)N6CCC(CC6)N7CCCCC7)cc15)[C@@](O)(CC)C(=O)OC4,1.8073549220576042
c12c(ccc(c2)OC)nccc1CCC[C@@H]1[C@@H](CNCC1)C=C,4.608809242675524
CC1(C)S[C@@H]2[C@H](NC(=O)[C@H](NC(=O)N3CCN(C3=O)S(=O)(=O)C)c4ccccc4)C(=O)N2[C@H]1C(=O)O,-3.473931188332412
CC1=CC[C@H](C[C@@H]1O)C(C)(C)O,-1.2175914350726267
CO\N=C(/C(=O)N[C@H]1[C@H]2SCC(=C(N2C1=O)C(=O)O)CSc3nc(C)c(CC(=O)O)s3)\c4csc(N)n4,-4.210896782498619
c1(S(Nc2ccccn2)(=O)=O)ccc(\N=N\c2cc(c(O)cc2)C(O)=O)cc1,-3.1844245711374275
CC1=C(C=C(C#N)C(=O)N1)c2ccncc2,-2.0
N\N=C\1/NN=Cc2ccccc12,0.5849625007211562
CC(CN(C)C)CN1c2ccccc2CCc3ccccc13,4.0
C1(=O)[C@@]2(C\C=C(\C)C(=O)O)[C@@]34Oc5c(c6c(c(c5C(C3=C[C@@H]1C[C@@H]4C(O2)(C)C)=O)O)C=C[C@](O6)(CC\C=C(\C)C)C)C\C=C(\C)C,-0.014499569695115089
C(=C1\[C@@H]([N+](CC)(CC)CC1)C)(\c1ccccc1)c1ccccc1,0.903038270112912
COCCOC(=O)C1=C(C)NC(=C(C1c2cccc(c2)N(=O)=O)C(=O)OC(C)C)C,0.13750352374993502
CC[C@H]1OC(=O)[C@H](C)[C@@H](O[C@H]2C[C@@](C)(OC)[C@@H](O)[C@H](C)O2)[C@H](C)[C@@H](O[C@@H]3O[C@H](C)C[C@@H]([C@H]3O)N(C)C)[C@@](C)(C[C@@H](C)C(=O)[C@H](C)[C@@H](O)[C@]1(C)O)OC,0.5849625007211562
CC(=O)Oc1ccccc1C(=O)O,-2.1844245711374275
OP(=O)(O)OC(Cn1cncn1)(Cn2cncn2)c3ccc(F)cc3F,-2.736965594166206
C1(N2C(=C(S[C@@H]3C[S@@](CC3)=O)S[C@H]2[C@H]1[C@H](O)C)C([O-])=O)=O,-2.2515387669959646
O=C(N(CCC1)[C@@H]1C(N[C@]([C@@H](C)CC)([H])C(N[C@H](C(N[C@]([C@H](O)C)([H])C(N[C@H](C(NCC(N[C@@H](CCC(O)=O)C(N[C@@H](CC(C)C)C(N[C@@H](CCC(N)=O)C(N[C@@H](CCCNC(N)=N)C(N[C@@H](CC(C)C)C(N[C@@H](CCC(N)=O)C(N[C@@H](CCC(O)=O)C(N[C@@H](CCCCN)C(N[C@@H](CCC(O)=O)C(N[C@@H](CCCNC(N)=N)C(N[C@@H](CC(N)=O)C(N[C@@H](CCCCN)C(NCC(N[C@@H](CCC(N)=O)C(N[C@H](C(O)=O)CCO)=O)=O)=O)=O)=O)=O)=O)=O)=O)=O)=O)=O)=O)=O)=O)=O)CC2=CC=C(O)C=C2)=O)=O)CC3=CC=CC=C3)=O)=O)[C@H](C(C)C)NC([C@@H](N)CC4=CC=CC=C4)=O,-3.8365012677171206
CCN1C=C(C(=O)O)C(=O)c2cc(F)c(nc12)N3CCNCC3,1.0
CC1(C)S[C@@H]2[C@H](NC(=O)Cc3ccccc3)C(=O)N2[C@H]1C(=O)O,-2.0588936890535687
CCC(C)(C)NCC(O)COc1ccccc1C(=O)CCc2ccccc2,0.2630344058337938
Cc1nccn1CC2CCc3c(C2=O)c4ccccc4n3C,0.8479969065549501
O([C@H]([C@H](NC(c1nc([C@@H](NC[C@@H](C(N)=O)N)CC(N)=O)nc(c1C)N)=O)C(N[C@@H]([C@H]([C@@H](C(N[C@H](C(NCCc1nc(c2nc(C(NCCC[S+](C)C)=O)cs2)cs1)=O)[C@@H](C)O)=O)C)O)C)=O)c1c[nH]cn1)[C@@H]1[C@@H](O[C@@H]2[C@@H]([C@@H]([C@@H](O)[C@@H](O2)CO)OC(N)=O)O)[C@@H]([C@@H](O)[C@@H](O1)CO)O,-1.2175914350726267
CCCC1=CC(=O)NC(=S)N1,-1.5563933485243853
Cc1ccc(cc1C(c2c(cc(cc2C)C(=O)O)C)O)n3ccnc3,-1.434402824145775
N12[C@@H]([C@@H](NC([C@@H](c3ccc(O)cc3)NC([C@@H](CC(NC)=O)N)=O)=O)C2=O)SC(C)(C)[C@@H]1C(O)=O,-1.8889686876112561
C[C@]12CCC3=C4CCC(=O)C=C4CC[C@H]3[C@@H]1CC[C@@]2(O)CC#N,-0.7369655941662062
[H]Oc1ccc2c(C[C@H](CCCCCCCCCS(CCCC(C(F)(F)F)(F)F)=O)C3[C@@H]2CC[C@@]2(C)[C@H]3CC[C@@H]2O[H])c1,2.0531113364595623
CC(C)(C)C1(O)CC2OC(=O)CC23C(=O)OC4OC(=O)C(O)C134,1.3219280948873624
C[C@@H](C(NCC(O)=O)=O)S,0.47508488294878265
CCCC(CCC)C(=O)O,-2.8365012677171206
n1c(=O)c2cc(CN(c3ccc(C(=O)N[C@@H](CCc4nnn[nH]4)C(=O)O)c(c3)F)CC#C)c(C)cc2[nH]c1C,-0.9159357352115255
CCN(CC)CCNC(=O)c1ccc(N)cc1,1.1375035237499351
NC1=NC(=O)N(C=C1)[C@H]2CC[C@@H](CO)O2,-0.888968687611256
