,SMILES,log2CL,log2CL_pred
0,[H]N([H])c1c2c(c3ccccc3n1)n(CCCCN([H])S(C)(=O)=O)c(CC)n2,2.944858445807539,2.4649074
1,CN(C)Cc1c2ccccc2oc1C(=O)NCCOc3ccc(cc3)C(=O)NO,4.02945288578697,2.6635175
2,COC(=O)C1(CC1)OC(=O)c2cncn2[C@H](C)c3ccccc3,5.646162657157894,2.5543697
3,c1ccc(cc1)OCCC[N+]23CCC(CC2)[C@H](C3)OC(=O)C(c4cccs4)(c5cccs5)O,5.599912842187128,2.1242867
4,Cc1c2ccccc2oc1CN(C)C(=O)/C=C/c3cc4c(nc3)NC(=O)CC4,-0.15200309344504997,2.485823
5,CCc1cc2c(cc1N3CCC(CC3)N4CCOCC4)C(c5c(c6ccc(cc6[nH]5)C#N)C2=O)(C)C,2.942983598187102,2.3937542
6,CNC(=O)C(N1CCC2=C(C=C(OC)C(OC)=C2)[C@@H]1CCC1=CC=C(C=C1)C(F)(F)F)C1=CC=CC=C1,3.350497247084133,2.9608662
7,N1(CCc2c(C1=O)n(nc2C(=O)N)c1ccc(cc1)OC)c1ccc(cc1)N1CCCCC1=O,-0.3219280948873623,1.3918631
8,CCOc1cc(ccc1OC)[C@@H](CS(=O)(=O)C)N2C(=O)c3cccc(c3C2=O)CC(=O)C,1.250961573533219,2.5282717
9,CN(C)C(=O)c1c(c2cc(ccc2[nH]1)Cl)Cc3cc4c(cc(c(c4o3)OC)OC)Cc5cnc(nc5N)N,2.9049657186840263,1.6540016
10,COc1cnc(O[C@@H]2C[C@H](N(C2)C(=O)[C@@H](NC(=O)OC(C)(C)C)C(C)(C)C)C(=O)N[C@@]3(C[C@H]3C=C)C(=O)NS(=O)(=O)C4CC4)c5cc(Cl)ccc15,3.5582676340557358,0.5517682
11,COc1c2c(cc(c1N3CCC/C(=C(/CN)\F)/C3)F)c(=O)c(cn2C4CC4)C(=O)O,-0.3584539709124763,1.1252327
12,N12C(=O)N([C@H](CC[C@H]1C(=O)N)C2)OS(=O)(=O)O,1.4646682670034443,2.9497235
13,O=S(=O)(c1ncc(cc1)C)Nc1nc(c2ccncc2)nc(c1Oc1ccccc1OC)OC,-0.9434164716336325,0.74371517
14,CNC(=O)c1ccccc1Sc2ccc3c(c2)[nH]nc3/C=C/c4ccccn4,2.321928094887362,2.4202108
15,Cc1ccc(cc1)C(=O)N(CCCN)C(c2nc3c(c(ns3)C)c(=O)n2Cc4ccccc4)C(C)C,2.5434958834257717,1.9028823
16,Cc1c(nc(n1c2ccc(cc2)F)C)C#Cc3ccnc(c3)Cl,1.4854268271702415,1.6520615
17,[C@@H]12N(C(=O)[C@H](Cc3c4c([nH]c3)cccc4)NC(=O)[C@@H](NC(=O)CNC(=O)[C@@H](NC(=O)CCSSC[C@H](NC1=O)C(=O)N)CCCNC(=N)N)CC(=O)O)CCC2,1.5260688116675876,1.2706985
18,CC(C)(C)[C@H](NC(=O)[C@H](CC1CCCC1)CN(O)C=O)C(=O)N2CCN(Cc3ccc4OCOc4c3)CC2,1.632268215499513,2.3683982
19,CN1C[C@H]2CC[C@@H](C1)N2C(=O)[C@]34C[C@H]3c5cc(ccc5-c6c(c7ccc(cc7n6C4)C(=O)NS(=O)(=O)N(C)C)C8CCCCC8)OC,0.411426245726465,1.4971951
20,c1c(cccc1\C=C\C(NO)=O)S(=O)(=O)Nc1ccccc1,4.560714954474479,1.7643373
21,C[C@H]1[C@H]([C@H](C[C@@H](O1)O[C@H]2C[C@@](Cc3c2c(c4c(c3O)C(=O)c5cccc(c5C4=O)OC)O)(C(=O)CO)O)N)OCc6ccccc6,4.20945336562895,3.6702683
22,c12c(N(C(=O)[C@H](N1C1CCCC1)CC)C)cnc(n2)Nc1c(cc(C(=O)NC2CCN(CC2)C)cc1)OC,4.095924419998536,2.8371594
23,O=C1N2[C@H](C(=O)O[C@H]([C@@H](C[C@H]3C[C@@H](OC)[C@@H](CC3)OCCOCC)C)CC(=O)[C@H](C)/C=C(\C)/[C@@H](O)[C@@H](OC)C(=O)[C@@H](C[C@@H](/C=C/C=C/C=C(/[C@H](C[C@H]3O[C@](C1=O)(O)[C@H](C)CC3)OC)\C)C)C)CCCC2,3.608809242675524,0.77126205
24,c1cc(c2ccsc2c1)N3CCN(CC3)CCCCOc4ccc5ccc(=O)[nH]c5c4,-1.5563933485243853,2.826108
25,CCC[C@H]1CN([C@@H](CC)C(=O)N)C(=O)C1,-0.4150374992788438,3.3005817
26,Cc1ccc(cc1Cc2ccc(s2)c3ccc(cc3)F)[C@H]4[C@@H]([C@H]([C@@H]([C@H](O4)CO)O)O)O,1.454175893185802,1.9418031
27,C1O[C@]1(C([C@@H](NC([C@@H](NC([C@@H](NC([C@@H](NC(=O)CN1CCOCC1)CCc1ccccc1)=O)CC(C)C)=O)Cc1ccccc1)=O)CC(C)C)=O)C,5.303780748177103,2.4557023
28,c1(cc(cc(c1)[C@H](N(C(=O)N1CC[C@@H](C[C@@H]1c1c(cc(cc1)F)C)N1CCN(CC1)C(=O)C)C)C)C(F)(F)F)C(F)(F)F,1.6182386555954547,2.198793
29,C([C@H]1c2c(cc(c(c2)O)O)CCN1)c1c2c(ccc1)cccc2,7.285402218862249,2.8618486
30,NCCNC(=O)NC4=CN(CC=3CS[C@H]2N(C(=O)[C@H]2NC(=O)C(=N\OC(C)(C)C(=O)O)/c1nc(N)sn1)C=3C(=O)O)N(C)C4=N,0.21412480535284734,-0.05877611
31,C(N[C@H](C(N[C@@H](CC(C)C)[B](O)O)=O)[C@@H](C)O)(=O)C(=NC(=C1)C(=C2)C=CC=C2)C=C1,-1.7858751946471527,1.99546
32,CN(C)CCCNC(=O)\C(=C\CCCCC(=O)NO)\COc1cccc2ccccc12,0.8639384504239717,2.73428
33,c1cccc2cccc(c12)[C@H](NCCCc1cc(C(F)(F)F)ccc1)C,4.19377174339668,3.489792
34,[H]OC(CCCCN(CCc1ccccc1OCc1ccc(CCc2ccccc2)cc1)Cc1ccc(cc1)C(=O)O[H])=O,3.169925001442312,1.7750074
35,c1cc(c(cc1I)F)Nc2c(ccc(c2F)F)C(=O)N3CC(C3)([C@@H]4CCCCN4)O,1.4854268271702415,1.5039996
36,COc1c(ccc2c1N=C(N3C2=NCC3)NC(=O)c4cnc(nc4)N)OCCCN5CCOCC5,2.682573297347578,3.1578667
37,C[C@H](c1c(ccc(c1Cl)F)Cl)Oc2cc(cnc2N)c3cnn(c3)C4CCNCC4,3.2854022188622483,1.9371111
38,COc1cc2c(cc1OCCCCCCC(=O)NO)c(ncn2)Nc3cccc(c3)C#C,3.583759753639499,2.0338392
39,O(C)C(C=C(C1)C(N=C(N[C@@H](CCC)C2C=CC=NC=2)C2C)=NC=2)=C(NC(NCC)=O)C=1,4.472487771462744,2.2125225
40,CC(C)(C)c1nc(c2cccc(NS(=O)(=O)c3c(F)cccc3F)c2F)c(s1)c4ccnc(N)n4,1.5160151470036647,1.0499474
41,c1ccc2c(c1)c(c[nH]2)CCN(CCO)Cc3ccc(cc3)/C=C/C(=O)NO,2.925999418556223,3.2882771
42,COC(=O)N[C@@H](C(C)C)C(=O)N1CCC[C@H]1c2ncc([nH]2)c3ccc(cc3)c4ccc(cc4)c5cnc([nH]5)[C@@H]6CCCN6C(=O)[C@@H](NC(=O)OC)C(C)C,0.0,1.0516334
43,CC(C)(C)OC(=O)N[C@H]1CCCCC\C=C/[C@@H]2C[C@]2(NC(=O)[C@@H]3C[C@H](CN3C1=O)OC(=O)N4Cc5cccc(F)c5C4)C(=O)NS(=O)(=O)C6CC6,3.527320607877047,1.2748222
44,N(C(=O)C(=CC=C1N(CCN2C)CC2)C=C1)C(C(=C1C2)CN2C([C@H](OC)C(=CC=C2)C=C2)=O)=NN1,2.608809242675524,2.6822634
45,[C@H]1([C@H]([C@@H]([C@H](C(O1)c1ccc(c(c1)Cc1ccc(cc1)OCC)Cl)O)O)O)CO,1.584962500721156,2.581644
46,c1(ccc(cc1)CSc1nc(=O)c2c(n1CC(=O)N(CCN(CC)CC)Cc1ccc(cc1)c1ccc(cc1)C(F)(F)F)CCC2)F,2.0391383939069585,2.1339502
47,C1CCN2[C@@H](C1)C(=O)O[C@@H](CC(=O)[C@@H](C=C([C@H]([C@H](C(=O)[C@@H](C[C@@H](C=CC=CC=C([C@H](C[C@@H]1CC[C@H]([C@](C(=O)C2=O)(O1)O)C)OC)C)C)C)OC)O)C)C)[C@H](C)C[C@@H]1CC[C@H]([C@@H](C1)OC)OP(=O)(C)C,0.13750352374993502,0.5604036
48,O=C(O)CCC(=O)O[C@@H]3CC[C@@]2(C)[C@H](/C=C/C1=CCOC1=O)C(=C)CC[C@@H]2[C@]3(C)COC(=O)CCC(=O)O,1.0,0.98224026
49,c1(cc(nc2n1ncc2CC)N1[C@@H](CCCC1)CCO)NCc1cn(=O)ccc1,2.2172307162206693,1.6661034
50,N1(CCN(CC1)C1CCCCCC1)C(=O)O[C@H]1C=C[C@@H]([C@H](OC(=O)C[C@@H](CC[C@@]1(C)O)O)C(=C\C=C\[C@](C[C@H]1O[C@@H]1[C@@H]([C@H](CC)O)C)(C)O)\C)C,5.581953750848818,1.8237381
51,CC(C)[C@@H](\C=C(/C)\C(=O)O)N(C)C(=O)[C@@H](NC(=O)[C@H]1CCCCN1C(C)C)C(C)(C)C,-0.043943347587597055,0.3983838
52,N[C@@H](CCC(=O)O)C(N[C@H](C(N[C@H](C(N[C@H](C(N[C@H](C(N[C@H](C(N[C@@H]1C(N[C@H](C(N[C@H](C(N[C@H](C(N[C@H](C(N[C@H](C(N[C@H](C(NCC(N2[C@H](C(N[C@@H]3C(N[C@H](C(N[C@H](C(N[C@H](C(N[C@H](C(N4[C@H](C(N[C@H](C(N[C@H](C(N[C@H](C(N[C@H](C(N[C@H](C(N[C@H](C(N[C@H](C(N[C@H](C(N[C@H](C(N[C@H](C(N[C@@H]5C(N[C@H](C(N[C@H](C(N[C@H](C(N[C@H](C(N[C@H](C(NCC(NCC(N[C@H](C(N[C@H](C(NCC(N[C@H](C(N[C@H](C(N[C@H](C(N[C@H](C(N[C@H](C(N[C@H](C(N[C@H](C(N[C@H](C(N[C@H](C(N[C@H](C(N[C@H](C(N[C@H](C(N[C@H](C(N[C@H](C(N[C@H](C(N[C@H](C(N[C@H](C(N[C@H](C(O)=O)CC(=O)O)=O)CCCNC(N)=N)=O)[C@@H](O)C)=O)CSSC1)=O)CCSC)=O)CCCCN)=O)CCCCN)=O)CSSC5)=O)CCC(=O)O)=O)CCC(=O)O)=O)CC(C)C)=O)CO)=O)CCC(=O)O)=O)Cc1ccccc1)=O)CCCNC(N)=N)=O)CC(=O)N)=O)CCC(=O)N)=O)CC(=O)N)=O)=O)CCC(=O)O)=O)CSSC3)=O)=O)=O)Cc1ccc(cc1)O)=O)[C@@H](C)CC)=O)Cc1ccccc1)=O)CCC(=O)O)=O)CCC(=O)O)=O)=O)CCC(=O)N)=O)CCCNC(N)=N)=O)[C@@H](O)C)=O)Cc1ccccc1)=O)[C@@H](C)CC)=O)CC(=O)N)=O)Cc1ccccc1)=O)Cc1ccccc1)=O)Cc1c[nH]c3c1cccc3)=O)CCCNC(N)=N)=O)CCC4)=O)Cc1[nH]cnc1)=O)C)=O)C)=O)CCCNC(N)=N)=O)=O)CCC2)=O)=O)CC(=O)O)=O)CC(=O)O)=O)C)=O)CCCCN)=O)Cc1ccccc1)=O)C)=O)=O)Cc1ccccc1)=O)CO)=O)Cc1[nH]cnc1)=O)CCSC)=O)C)=O,0.6780719051126377,-0.57046676
53,c1(nc2c(s1)CN(CC2)C)C(=O)N[C@H]1[C@@H](NC(=O)C(=O)Nc2ncc(Cl)cc2)CC[C@H](C(=O)N(C)C)C1,2.3757345385831563,0.9528077
54,CCCCCCCC(=O)N[C@H](CN1CCCC1)[C@@H](c2ccc3c(c2)OCCO3)O,4.388878338811989,2.927559
55,CC[C@H](C)CCC(=O)N[C@H](C(C)C)C(=O)N[C@@H]([C@@H](C)O)C(=O)N[C@@H](C(C)C)C(=O)N[C@H](C(C)C)C(=O)N1CCC[C@@H]1C(=O)N[C@@H](CCCN)C(=O)N[C@H]([C@@H](C)CC)C(=O)N[C@@H]2[C@H](OC(=O)[C@@H](NC(=O)/C(=C/C)/NC(=O)[C@@H](NC(=O)[C@H](NC(=O)[C@H](NC2=O)[C@@H](C)CC)C(C)C)Cc3ccccc3)C(C)C)C,1.944858445807539,1.7449476
56,Cc1nc(cs1)/C=C(\C)/[C@@H]2C[C@H]3[C@H](N3CCOC(=O)OCCSSC[C@@H](C(=O)O)NC(=O)[C@H](CC(=O)O)NC(=O)[C@H](CCCNC(=N)N)NC(=O)[C@H](CC(=O)O)NC(=O)CC[C@@H](C(=O)O)NC(=O)c4ccc(cc4)NCc5c[nH]c-6nc(nc(=O)c6n5)N)CCC[C@@H]([C@@H]([C@H](C(=O)C([C@H](CC(=O)O2)O)(C)C)C)O)C,1.298658315564515,0.50399363
57,CN(C)[C@H]1[C@@H]2C[C@@H]3Cc4c(cc(c(c4C(=O)C3=C([C@@]2(C(=O)C(=C1O)C(=O)N)O)O)O)NC(=O)CN5CCCC5)F,1.8914191868460786,2.0974555
58,Cc1cc(C)c2N(C[C@@H]3CC[C@H](CC3)C(=O)O)CCC[C@H](N(Cc4cc(cc(c4)C(F)(F)F)C(F)(F)F)c5nnn(C)n5)c2c1,-0.2515387669959645,1.2199132
59,O1C([C@@](c2cc3n(c(c2C1)=O)Cc1c2c4c(cc(c(c4CC[C@@H]2N)C)F)nc31)(CC)O)=O,-0.058893689053568565,1.5878662
60,C[C@@H]1C[C@H]2C3C[C@@H](C4=CC(=O)C=C[C@@]4([C@]3([C@H](C[C@@]2([C@]1(C(=O)SCF)OC(=O)c5ccco5)C)O)F)C)F,3.7441610955704103,2.8002687
61,CCCNc1nc(NCCC)nc(n1)N(C)OC,3.572889668420581,1.7882203
62,C(C)c1c2c(nn1CCOC)c(=O)nc([nH]2)c1c(OCC)ncc(c1)S(=O)(=O)N1CCN(CC1)CC,3.8379432418910273,2.0604095
63,N1(C(COCC1)CN(C1)C(=C(C(=NC2C)NNC(C(CC3CCCC3)CN(C=O)O)=O)F)N=2)C1,2.4854268271702415,2.1374846
64,c1cc(=O)n2c3c1ncc(=O)n3[C@@H](C2)CN4CCC(CC4)NCc5cc6c(cn5)OCCC6,3.2063306478710496,3.1999562
65,COc1cccc2c1c(NS(=O)(=O)c3ccc(Cl)s3)nn2Cc4cccc(CNC(=O)C(C)(C)O)c4,2.350497247084133,1.0860767
66,B1(c2c(cccc2OCCCO)[C@H](O1)CN)O,2.035623909730721,3.27219
67,c1cc(nc(c1)C(=O)O)Cc2cc(ccc2OCc3ccc(cc3F)Cl)Cl,1.0,0.7213452
68,NC(C1=C(C=C(N(C2=C3)C=NC2=CC=C3CN4CCN(C)CC4)S1)O[C@H](C)C5=CC=CC=C5C(F)(F)F)=O,4.321928094887363,2.5089931
69,C=CC(=O)N1CCCC(C1)[n@]2c3c(c(n2)c4ccc(cc4)Oc5ccccc5)c(ncn3)N,4.035623909730721,0.9976408
70,c12c(ccc(c1)Cl)[nH]c(c2P(=O)(c1cc(cc(c1)/C=C/C#N)C)OC)C(=O)N,0.7739963251111731,1.077555
71,c12c(ccc(c1F)Cl)[nH]c(c2P(=O)(c1cc(cc(c1)/C=C/C#N)C)OC)C(=O)N,0.8718436485093178,1.209487
72,[C@@H](O)(c1ccc(c2c1ccc(=O)[nH]2)O)CNC1Cc2c(C1)cc(c(c2)CC)CC,2.1634987322828794,2.449791
73,CC(C)C[C@H](NC(=O)CNC(=O)c1cc(Cl)ccc1Cl)B(O)O,-1.0,1.9988407
74,CCc1c(cc(c(c1CC(=O)N(CCOC)CCOC)C(=O)c2ccc(c(c2)OC)OCCN3CCOCC3)O)O,2.7803100990433753,2.3368497
75,CS(=O)(=O)c1cc(cc2c1n(c3c2CC[C@@H]3CC(=O)O)Cc4ccc(cc4)Cl)F,0.2750070474998698,1.2503273
76,C[C@@H]1CC[C@@]23CCC(=O)[C@H]2[C@]1(C)[C@@H](C[C@@](C)(C=C)[C@@H](O)[C@@H]3C)OC(=O)CS[C@@H]4CC[C@@H](N)C[C@H]4O,1.9855004303048849,2.0098464
77,c1ccc2c(c1)c(ccc2n3c(nnc3Br)SCC(=O)O)C4CC4,0.5160151470036647,1.3740377
78,CC#CCN1C(=NC2=C1C(=O)N(CC1=NC3=C(C=CC=C3)C(C)=N1)C(=O)N2C)N1CCC[C@@H](N)C1,0.925999418556223,1.3791778
79,"C[C@@H](Cc1ccccc1)NC(=O)[C@H](CCCCN)N
",4.087462841250339,2.6065986
80,CC1=C(C=C(C=C1F)C(=O)NC1CC1)C1=CC=C(C=N1)C(=O)NCC(C)(C)C,1.9145645234939397,2.1828809
81,Cc1cc2c(c(c1OC)O)[C@@H]3[C@@H]4[C@H]5c6c(c7c(c(c6OC(=O)C)C)OCO7)[C@@H](N4[C@H]([C@H](C2)N3C)O)COC(=O)[C@@]8(CS5)c9c(c1cc(ccc1[nH]9)OC)CCN8,1.4646682670034443,2.4096026
82,C1(C2C3C(N(C(C=3C(N=C(N3C=CC4)C=4)=C3)=O)[H])=O)[C@@H](N(C=2)C2)[C@@H](C=C(C=1)F)CN(C2)C(=O)N(CCCC1)C1,3.364572432295856,2.1130009
83,S1(=O)(=O)C[C@@]([C@H]2[C@@H]1[C@@H]2C(=O)O)(NC(=O)[C@H](CCSC)N)C(=O)O,3.282439805006387,0.72862494
84,S1(=O)(=O)[C@@H]2[C@H]([C@](C1)(N)C(=O)O)[C@H]2C(=O)O,1.263034405833794,0.50735885
85,[H]N(C(C1CCC(CC1)(F)F)=O)[C@H](CCN1[C@H]2CC[C@@H]1CC(C2)n1c(C)nnc1C(C)C)c1ccccc1,3.232660756790275,3.0194428
86,Cc1c(ccc2c1OC[C@H]([C@H]2c3ccc(cc3)O)c4ccc(cc4)O)O,3.0738202332916713,2.2224212
87,C[C@H]1C(=O)N[C@H](C(=O)N[C@H](C(=O)N[C@H]2CSSC[C@@H](C(=O)N[C@H](C(=O)N[C@H](C(=O)N[C@H](C(=O)N[C@H](C(=O)N[C@H](C(=O)N[C@H](C(=O)N[C@H](C(=O)N[C@H](C(=O)N1)CCC(=O)O)CC(=O)O)C)CCC(=O)N)C(C)C)Cc3ccccc3)CC(=O)O)CO)NC(=O)[C@@H](NC(=O)[C@@H]4CCCN4C(=O)[C@@H](NC(=O)[C@@H](NC(=O)[C@@H](NC2=O)Cc5ccc(cc5)O)CC(=O)N)CC(=O)O)CCCCN)CCCNC(=N)N)CCCNC(=N)N,6.089794727063991,0.4799026
88,C[C@H](c1c2ccccc2sc1CCN(C)C)c1ccccn1,2.408711861029429,2.7454312
89,CN(C)CCC1Cc2cc(ccc2C=1Cc1cccnn1)F,1.2203299548795556,2.6266706
90,C[C@H](C1=C(CCN(C)C)Cc2ccccc12)c1cnccn1,1.765534746362977,3.3741424
91,C[C@@H](c1cccnc1F)c1c2ccccc2sc1CCN(C)C,3.37851162325373,2.6947005
92,C(C(=C(N1C2CC2)C(=C2N(C[C@](C[C@]3([H])C)(N)[H])C3)OC)C=C2)(C(=C1)C(O)=O)=O,1.925999418556223,1.5070279
93,Cc1ccccc1c2cc(ncc2N(C)C(=O)C(C)(C)c3cc(cc(c3)C(F)(F)F)C(F)(F)F)N4CCN(CC4)C,1.5008020530571575,2.4261026
94,CN1CCN(CC1)CC(=O)N(C)c2ccc(cc2)N/C(=C\3/c4ccc(cc4NC3=O)C(=O)OC)/c5ccccc5,4.314696525656286,2.0960398
95,CC(C)(C[C@@H](C(=O)NC1(CC1)C#N)N[C@@H](c2ccc(cc2)c3ccc(cc3)S(=O)(=O)C)C(F)(F)F)F,-2.395928676331139,1.5678239
96,COc1ccsc1CNCC[C@]2(CCOC3(C2)CCCC3)c4ccccn4,2.7845039829295666,2.9569695
97,O=C(N1)COC2=C1C=C(O)C=C2[C@@H](O)CNC(C)(CC3=CC=C(OC)C=C3)C,3.6380738371807184,2.548999
98,CN(C)[C@H]1[C@@H]2C[C@@H]3Cc4c(cc(CNCC(C)(C)C)c(O)c4C(=O)C3=C(O)[C@]2(O)C(=O)C(=C1O)C(=O)N)N(C)C,1.2265085298086797,1.6750207
99,CC(C)[C@@H](C(=O)N1CCC[C@H]1C(=O)Nc2ccc(cc2)[C@@H]3CC[C@H](N3c4ccc(cc4)C(C)(C)C)c5ccc(cc5)NC(=O)[C@@H]6CCCN6C(=O)[C@H](C(C)C)NC(=O)OC)NC(=O)OC,0.7484612330040354,0.5390248
100,O[C@H](/C=C/[C@@H]1N(CCSCCCC(O)=O)C(CC1)=O)CC2=CC=C(F)C=C2,3.980939266085512,1.7364756
101,COc3cccc(c13)c(C(=O)N(CC2C)CCN2C)cn1CC4CCCCC4,1.584962500721156,3.0224144
102,Cc1c(c2ccccc2[nH]1)CCNCc3ccc(cc3)/C=C/C(=O)NO,3.350497247084133,2.7859027
103,Cc1cnc(cn1)C(=O)N[C@H]2CCCCC/C=C\[C@@H]3C[C@]3(NC(=O)[C@@H]4C[C@H](CN4C2=O)Oc5c6ccccc6c7ccccc7n5)C(=O)NS(=O)(=O)C8CC8,2.521050736900963,0.680591
104,Cc1ccc(cc1S(=O)(=O)N)Nc2nccc(n2)N(C)c3ccc4c(n(nc4c3)C)C,-4.058893689053568,0.6442747
105,c1ccc(cc1)n2cc(cc(c2=O)c3ccccc3C#N)c4ccccn4,-3.321928094887362,1.1182326
106,c1ccc2c(c1)CC[C@@H]2Nc3c4ccn(c4ncn3)[C@@H]5C[C@H]([C@H](C5)O)COS(=O)(=O)N,3.017921907997262,1.9955773
107,CN(C)C1CCN(CC1)C(=O)c2ccc(cc2)NC(=O)Nc3ccc(cc3)c4nc(nc(n4)N5CCOCC5)N6CCOCC6,1.1699250014423124,0.66665465
108,ON(CC1)C(C2=C1C(C=C3)=C(C=N2)N3CC4=C(OC)C=C(F)C=C4)=O,4.584962500721156,1.5389518
109,Ic1cc(F)c(Nc2c(C(=O)NC[C@H](O)CO)ccnc2)cc1,3.12267271882414,1.4510428
110,O([C@@H]([C@H](NC([C@H](CCN)O)=O)C1)[C@@H](O)[C@@H]([C@H]1N)O[C@@]1([C@H](N)CC=C(O1)CNCCO)[H])[C@]([C@H](O)[C@@H](NC)[C@@]1(C)O)(OC1)[H],0.18903382439001684,1.5255797
111,c1(=C\c2c([nH]cn2)C(C)(C)C)\[nH]c(=O)/c(=C/c2ccccc2)[nH]c1=O,2.8875252707415875,0.9612713
112,CCC/N=C\1/N(C(=O)/C(=C/c2ccc(c(c2)Cl)OC[C@@H](CO)O)/S1)c3ccccc3C,-0.15200309344504997,2.7188015
113,N(CCO[S](C)(=O)=O)(CC[Br])C(=C(C(NCCO[P](=O)(O)O)=O)C=C1N(=O)=O)C(N(=O)=O)=C1,5.485426827170242,0.40270352
114,C#CC[C@H](Cc1cnc2c(n1)c(nc(n2)N)N)c3ccc(cc3)C(=O)N[C@@H](CCC(=O)O)C(=O)O,1.4329594072761063,0.9403387
115,C#CC[C@@H](Cc1cnc2c(n1)c(nc(n2)N)N)c3ccc(cc3)C(=O)N[C@@H](CCC(=O)O)C(=O)O,2.584962500721156,0.9403387
116,COc1cccc(OCCCN)c1c2cc(Nc3cnc(cn3)C#N)n[nH]2,5.087462841250339,2.4720275
117,OC[C@@H]1[C@@H](O)[C@@H](O)[C@@H](O1)n1cnc2c(N)nc(nc12)n1ncc(c1)C(=O)NC,2.867896463992655,1.7646747
118,Brc3cc2\C(=N/[C@H](c1ncc(n1c2cc3)C)CCC(=O)OC)c4ncccc4,3.908812907739547,3.1405654
119,N(C(=O)NN1CCOCC1)c1c2C(=O)c3c([nH]nc3c3ccc(cc3)CN3CCN(CC3)CCOC)c2ccc1,3.523561956057013,2.1423132
120,COc1ccc(cc1NCC(=O)O)CS(=O)(=O)/C=C/c2c(cc(cc2OC)OC)OC,0.5945485495503542,1.3340135
121,CN(c1c(nc(nc1N)c2c3cccnc3n(n2)Cc4ccccc4F)N)C(=O)OC,-0.4344028241457749,1.5408487
122,C1OCCN(c2ccc(cc2)N2C(O[C@H](C2)CNC(c2sc(cc2)Cl)=O)=O)C1=O,1.263034405833794,1.6239407
123,O=C(C(C(Cl)=CC=C1)=C1C)N[C@H](C(O)=O)CC2=CC=C(NC(C(C(Cl)=CN=C3)=C3Cl)=O)C=C2,1.8875252707415875,0.076704055
124,C[C@H](c1cc(cc(c1)C(F)(F)F)C(F)(F)F)OC[C@]2(CC[C@]3(CCC(=O)N3)CN2)c4ccccc4,-1.3959286763311392,2.4891772
125,CC(C)c1nc(nc(c2ccc(F)cc2)c1\C=C\[C@@H](O)C[C@@H](O)CC(=O)O)N(C)S(=O)(=O)C,3.4594316186372973,0.3463948
126,CNCc1ccc(cc1)c2[nH]c3cc(F)cc4C(=O)NCCc2c34,2.1076878693143732,2.4870114
127,O=C(NC1=NC2=CC=C(C=C2S1)SC3=NN=C4C=CC(C5=CC=C(C=C5)F)=NN43)NCCN6CCOCC6,3.060047383669939,1.4621445
128,N1([C@H](CC2[C@H]1C2)C#N)C(=O)[C@@H](C12CC3CC(C1)(O)CC(C3)C2)N,2.8278190246173196,0.8837071
129,N[C@@H](CC(=O)N1CCn2c(C1)nnc2C(F)(F)F)Cc3cc(F)c(F)cc3F,2.584962500721156,1.9009101
130,N1CCC(CC1)C(=O)Nc1sc(cn1)SCc1oc(cn1)C(C)(C)C,3.700439718141092,2.2492814
131,O=C(O[C@H]1CN2CCC1CC2)N3CCc4ccccc4[C@@H]3c5ccccc5,1.070389327891398,2.9119585
132,"N[C@@H]([C@H](O)C)C(=O)N[C@@H](CCCCN)C(=O)N[C@@H](Cc1ccccc1)C(=O)N[C@@H]([C@H](O)C)C(=O)N[C@@H](C(C(C)C))C(=O)N[C@@H](CO)C(=O)N[C@@H](C(C(C)C))C(=O)N[C@@H](CC(=O)O)C(=O)N[C@@H](C(C)C)C(=O)N1[C@@H](CCC1)C(=O)N[C@@H]([C@H](O)C)C(=O)N[C@@H](CC(=O)N)C(=O)N[C@@H]([C@@H](C)CC)C(=O)N[C@@H](CCSC)C(=O)N[C@@H](CC(=O)N)C(=O)N[C@@H](C(C(C)C))C(=O)N[C@@H](C(C(C)C))C(=O)N[C@@H](Cc1ccccc1)C(=O)N[C@@H](CC(=O)N)C(=O)N[C@@H]([C@@H](C)CC)C(=O)N[C@@H](C)C(=O)N[C@@H](CCCCN)C(=O)N[C@@H](C)C(=O)N[C@@H](CCCCN)C(=O)N[C@@H](CC(=O)N)C(=O)N[C@@H](C(C(C)C))C(=O)N[C@@H](CCCNC(=N)N)C(=O)N[C@@H](C)C(=O)N[C@@H](CCC(=O)N)C(=O)N[C@@H](C)C(=O)N[C@@H](C)C(=O)N[C@@H](C)C(=O)N[C@@H](CC(=O)N)C(=O)N[C@@H](C)C(=O)N[C@@H](Cc1c[nH]cn1)C(=O)N[C@@H](C(C(C)C))C(=O)N[C@@H](CCSC)C(=O)N[C@@H](C)C(=O)N[C@@H](CCC(=O)N)C(=O)N[C@@H]([C@@H](C)CC)C(=O)N
",3.8278190246173196,1.0741034
133,C(SCCC(=O)O)[C@@H]1[C@H]2O[C@H]3O[C@H](CSCCC(=O)O)[C@H]([C@@H]([C@H]3O)O)O[C@H]3O[C@H](CSCCC(=O)O)[C@H]([C@@H]([C@H]3O)O)O[C@H]3O[C@H](CSCCC(=O)O)[C@H]([C@@H]([C@H]3O)O)O[C@H]3O[C@@H]([C@@H](O[C@H]4O[C@@H]([C@@H](O[C@H]5O[C@@H]([C@@H](O[C@H]6OC([C@@H](O[C@@H](O1)[C@@H]([C@H]2O)O)[C@H](O)[C@H]6O)CSCCC(=O)O)[C@H](O)[C@H]5O)CSCCC(=O)O)[C@H](O)[C@H]4O)CSCCC(=O)O)[C@@H]([C@H]3O)O)CSCCC(=O)O,0.35614381022527536,-0.90412426
134,Cc1ccc(c(c1)C(=O)N2CCN(CC[C@H]2C)c3nc4cc(ccc4o3)Cl)n5nccn5,-0.2515387669959645,0.85109603
135,Cn1nc(nn1)c2ccc(cn2)c3ccc(cc3F)N4C[C@@H](OC4=O)CO,0.2509615735332188,2.113027
136,CCCCCCCCCCNCCN[C@@]1(C)C[C@H](O[C@@H]2[C@@H](O)[C@H](O)[C@@H](CO)O[C@H]2Oc3c4Oc5ccc(cc5Cl)[C@@H](O)[C@@H](NC(=O)[C@@H](CC(C)C)NC)C(=O)N[C@@H](CC(=O)N)C(=O)N[C@H]6C(=O)N[C@H]7C(=O)N[C@@H]([C@H](O)c8ccc(Oc3cc6c4)c(Cl)c8)C(=O)N[C@H](C(=O)O)c9cc(O)c(CNCP(=O)(O)O)c(O)c9c%10cc7ccc%10O)O[C@@H](C)[C@H]1O,-2.321928094887362,-0.92741597
137,O=c1n(c2c([nH]1)nccc2)C1CCN(CC1)C(=O)N[C@H]1C(=O)N(CC(F)(F)F)C[C@@H](CC1)c1c(F)c(F)ccc1,2.5360529002402097,1.7148731
138,CCc1c2cc(ccc2nc-3c1Cn4c3cc5c(c4=O)COC(=O)[C@@]5(CC)O)OC(=O)CCC(=O)Oc6c(c(c7c(c6C)CC[C@@](O7)(C)CCC[C@H](C)CCC[C@H](C)CCCC(C)C)C)C,-0.3040061868900999,1.7913594
139,C(OP(=O)(NCCBr)NCCBr)c1n(C)c(nc1)N(=O)=O,3.8875252707415875,2.263469
140,Sc1nc(N[C@@H]2C[C@H]2c3ccc(F)c(F)c3)c4nnn([C@@H]5C[C@H](OCCO)[C@@H](O)[C@H]5O)c4n1,1.7570232465074596,0.6138361
141,[C@@H]1([C@H](CN(CC1)C(=O)CC#N)N(c1ncnc2[nH]ccc12)C)C,2.5558161550616396,2.8468518
142,CCc1ccc(cc1)Cc2ccc3c(c2)[C@]4([C@@H]([C@H]([C@@H]([C@H](O4)CO)O)O)O)OC3,1.0496307677246004,2.1940525
143,C12(CCC(CC1)(CC2)c1[nH]c2c(n(c(n(c2n1)CCC)=O)CCC)=O)CCC(=O)O,0.11103131238874395,0.8250385
144,c1(cc(nc(n1)Sc1ccc(cc1)NC(=O)C1CC1)N1CCN(CC1)C)Nc1n[nH]c(c1)C,4.20163386116965,1.7032026
145,CC1=C2C(=C(N(C1=O)C)NC3=C(C=C(C=C3)I)F)C(=O)N(C(=O)N2C4=CC=CC(=C4)NC(=O)C)C5CC5,-0.3219280948873623,0.8019359
146,[H]N1CCCc2ccccc2O[C@H](C)CN([H])[C@@H](C2CC2)C(N(C)[C@H](C)C(N([H])[C@H](Cc2ccc(cc2)F)C1=O)=O)=O,-3.321928094887362,2.5344942
147,c1ccc(cc1)COCC[N+]23CCC(CC2)(CC3)C(c4ccccc4)(c5ccccc5)O,5.167919865551935,2.209873
148,B1([C@H](CC[C@H](O1)CC(=O)O)NC(=O)Cc2cccs2)O,1.5558161550616396,1.3013022
149,CC(C)C[C@@H]1CN2CCc3cc(c(cc3[C@H]2C[C@H]1OC(=O)[C@H](C(C)C)N)OC)OC,0.7739963251111731,3.0156324
150,C[C@H](C(=O)N[C@H](CCCNC(=N)N)C(=O)N)NC(=O)[C@@H](CCCNC(=N)N)NC(=O)[C@@H](CCCNC(=N)N)NC(=O)[C@@H](CCCNC(=N)N)NC(=O)[C@@H](C)NC(=O)[C@@H](CSSC[C@@H](C(=O)O)N)NC(=O)C,0.7398481026993274,0.55977535
151,c1(c(cc(cc1)CCO[C@H]1[C@@H](CCCC1)N1C[C@@H](CC1)O)OC)OC,3.0513721017210256,2.91427
152,Cc1cc(ccc1[C@H]2CNCCN2C(=O)N(C)[C@H](C)c3cc(cc(c3)C(F)(F)F)C(F)(F)F)F,2.3476656563009706,2.701933
153,c1cc(c(c(c1)Cl)COCCOCCCCCCNC[C@@H](c2ccc(c(c2)CO)O)O)Cl,4.683696454306515,2.6937084
154,[H]N(CC(N1CCC[C@@H]1C#N)=O)C12C[C@@H]3C[C@H](C1)CC(C3)(C2)O[H],3.3074285251922473,1.645542
155,n1ccccc1c1c(ccc(c1)NC(=O)c1c(cc(cc1)S(=O)(=O)C)Cl)Cl,-6.643856189774724,1.1963761
156,C(=O)(c1cc(c(cc1)Nc1nc2c(cn1)N(C(=O)[C@H](N2C(C)C)CC)C)OC)N[C@H]1CC[C@@H](CC1)N1CCN(CC1)CC1CC1,3.5360529002402097,3.2398849
157,CCOC(=O)N[C@@H]1CC[C@@H]2[C@@H](C1)C[C@@H]3[C@@H]([C@@H](C)OC3=O)[C@H]2\C=C\c4ccc(cn4)c5cccc(F)c5,-1.5563933485243853,2.8127687
158,CC1=CC=C(SC2=C(C=CC=C2)N2CCNCC2)C(C)=C1,2.5360529002402097,2.5887222
159,C[C@@H]([C@H](C(=O)N[C@H]([C@H](C)O)C(=O)N1CCC[C@@H]1C(=O)N[C@H](CCCNC(=N)N)C(=O)N[C@H](CCCCN)C(=O)N2CCC[C@@H]2C(=O)N[C@H](CCCNC(=N)N)C(=O)N3CCC[C@@H]3C(=O)N4CCC[C@@H]4C(=O)N[C@H](CCCNC(=N)N)C(=O)N[C@H](CCCNC(=N)N)C(=O)N[C@H](CCCNC(=N)N)C(=O)N[C@H](CCC(=O)N)C(=O)N[C@H](CCCNC(=N)N)C(=O)N[C@H](CCCNC(=N)N)C(=O)N[C@H](CCCCN)C(=O)N[C@H](CCCCN)C(=O)N[C@H](CCCNC(=N)N)C(=O)NCC(=O)O)NC(=O)[C@@H](CC(C)C)NC(=O)[C@@H](CC(=O)N)NC(=O)[C@@H](CC(C)C)NC(=O)[C@@H](Cc5ccccc5)NC(=O)[C@H]6CCCN6C(=O)[C@@H](CCC(=O)N)NC(=O)[C@@H](C(C)C)NC(=O)[C@H]7CCCN7C(=O)[C@@H](CCCNC(=N)N)NC(=O)[C@@H](CO)NC(=O)[C@@H](CCC(=O)N)NC(=O)[C@@H](CC(=O)O)N)O,1.8559896973084806,0.91526765
160,c1(n(c2c(C(=O)c3ccccc3C2=O)[n+]1Cc1cnccn1)CCOC)C,3.4982508675278257,2.1539812
161,FC(F)(F)c1cccc(c1)/C=C/C(=O)NC[C@H]2c7c(C[C@@H]5N2[C@@H](O)[C@@H]4Cc3cc(C)c(OC)c(O)c3[C@H]5N4C)c(OC(C)=O)c(C)c6OCOc67,3.584962500721156,4.1331367
