,SMILES,log2VDss,log2VDss_pred
0,[H]N([H])c1c2c(c3ccccc3n1)n(CCCCN([H])S(C)(=O)=O)c(CC)n2,1.632268215499513,0.9647699402062299
1,CN(C)Cc1c2ccccc2oc1C(=O)NCCOc3ccc(cc3)C(=O)NO,1.3785116232537298,0.1176019735043192
2,c1ccc(cc1)OCCC[N+]23CCC(CC2)[C@H](C3)OC(=O)C(c4cccs4)(c5cccs5)O,2.1043366598147357,0.2017550631608046
3,Cc1c2ccccc2oc1CN(C)C(=O)/C=C/c3cc4c(nc3)NC(=O)CC4,-1.217591435072627,0.12809975775877225
4,CCc1cc2c(cc1N3CCC(CC3)N4CCOCC4)C(c5c(c6ccc(cc6[nH]5)C#N)C2=O)(C)C,2.6667565918848033,1.5802032174127485
5,CNC(=O)C(N1CCC2=C(C=C(OC)C(OC)=C2)[C@@H]1CCC1=CC=C(C=C1)C(F)(F)F)C1=CC=CC=C1,3.2854022188622483,0.18599294064388766
6,N1(CCc2c(C1=O)n(nc2C(=O)N)c1ccc(cc1)OC)c1ccc(cc1)N1CCCCC1=O,-1.736965594166206,0.16972046458534146
7,CN(C)C(=O)c1c(c2cc(ccc2[nH]1)Cl)Cc3cc4c(cc(c(c4o3)OC)OC)Cc5cnc(nc5N)N,2.339137384919585,-0.0031175917088539728
8,COc1cnc(O[C@@H]2C[C@H](N(C2)C(=O)[C@@H](NC(=O)OC(C)(C)C)C(C)(C)C)C(=O)N[C@@]3(C[C@H]3C=C)C(=O)NS(=O)(=O)C4CC4)c5cc(Cl)ccc15,1.4698859762744636,-0.8048048847466562
9,COc1c2c(cc(c1N3CCC/C(=C(/CN)\F)/C3)F)c(=O)c(cn2C4CC4)C(=O)O,0.1763227726404629,0.5254216049400178
10,N12C(=O)N([C@H](CC[C@H]1C(=O)N)C2)OS(=O)(=O)O,-2.0588936890535687,-0.4701357998358031
11,O=S(=O)(c1ncc(cc1)C)Nc1nc(c2ccncc2)nc(c1Oc1ccccc1OC)OC,-1.8889686876112561,-1.7613886588809595
12,Cc1ccc(cc1)C(=O)N(CCCN)C(c2nc3c(c(ns3)C)c(=O)n2Cc4ccccc4)C(C)C,2.752748591407134,1.0420313288262222
13,Cc1c(nc(n1c2ccc(cc2)F)C)C#Cc3ccnc(c3)Cl,3.277984747299765,1.03792114043582
14,[C@@H]12N(C(=O)[C@H](Cc3c4c([nH]c3)cccc4)NC(=O)[C@@H](NC(=O)CNC(=O)[C@@H](NC(=O)CCSSC[C@H](NC1=O)C(=O)N)CCCNC(=N)N)CC(=O)O)CCC2,-1.2515387669959646,-2.1588495908405423
15,CC(C)(C)[C@H](NC(=O)[C@H](CC1CCCC1)CN(O)C=O)C(=O)N2CCN(Cc3ccc4OCOc4c3)CC2,0.13750352374993502,-0.4566175250353394
16,CN1C[C@H]2CC[C@@H](C1)N2C(=O)[C@]34C[C@H]3c5cc(ccc5-c6c(c7ccc(cc7n6C4)C(=O)NS(=O)(=O)N(C)C)C8CCCCC8)OC,-1.0,-0.07473734408380045
17,c1c(cccc1\C=C\C(NO)=O)S(=O)(=O)Nc1ccccc1,-0.3219280948873623,-0.6480714164166863
18,C[C@H]1[C@H]([C@H](C[C@@H](O1)O[C@H]2C[C@@](Cc3c2c(c4c(c3O)C(=O)c5cccc(c5C4=O)OC)O)(C(=O)CO)O)N)OCc6ccccc6,5.584962500721156,4.144354335096971
19,c12c(N(C(=O)[C@H](N1C1CCCC1)CC)C)cnc(n2)Nc1c(cc(C(=O)NC2CCN(CC2)C)cc1)OC,4.963474123974886,0.9039966280273936
20,O=C1N2[C@H](C(=O)O[C@H]([C@@H](C[C@H]3C[C@@H](OC)[C@@H](CC3)OCCOCC)C)CC(=O)[C@H](C)/C=C(\C)/[C@@H](O)[C@@H](OC)C(=O)[C@@H](C[C@@H](/C=C/C=C/C=C(/[C@H](C[C@H]3O[C@](C1=O)(O)[C@H](C)CC3)OC)\C)C)C)CCCC2,5.475733430966398,1.2686670699475797
21,c1cc(c2ccsc2c1)N3CCN(CC3)CCCCOc4ccc5ccc(=O)[nH]c5c4,0.5459683691052926,1.85979813358456
22,CCC[C@H]1CN([C@@H](CC)C(=O)N)C(=O)C1,-0.8365012677171204,-0.021949587247723095
23,Cc1ccc(cc1Cc2ccc(s2)c3ccc(cc3)F)[C@H]4[C@@H]([C@H]([C@@H]([C@H](O4)CO)O)O)O,0.2509615735332188,0.5730485563007739
24,C1O[C@]1(C([C@@H](NC([C@@H](NC([C@@H](NC([C@@H](NC(=O)CN1CCOCC1)CCc1ccccc1)=O)CC(C)C)=O)Cc1ccccc1)=O)CC(C)C)=O)C,-2.9434164716336326,0.13434688970975042
25,c1(cc(cc(c1)[C@H](N(C(=O)N1CC[C@@H](C[C@@H]1c1c(cc(cc1)F)C)N1CCN(CC1)C(=O)C)C)C)C(F)(F)F)C(F)(F)F,1.4698859762744636,1.3847620153463922
26,C([C@H]1c2c(cc(c(c2)O)O)CCN1)c1c2c(ccc1)cccc2,0.12432813500220176,1.7439486625629825
27,NCCNC(=O)NC4=CN(CC=3CS[C@H]2N(C(=O)[C@H]2NC(=O)C(=N\OC(C)(C)C(=O)O)/c1nc(N)sn1)C=3C(=O)O)N(C)C4=N,-2.5563933485243853,-1.3893055585290108
28,C(N[C@H](C(N[C@@H](CC(C)C)[B](O)O)=O)[C@@H](C)O)(=O)C(=NC(=C1)C(=C2)C=CC=C2)C=C1,-0.20091269392599642,0.5131776484578452
29,CN(C)CCCNC(=O)\C(=C\CCCCC(=O)NO)\COc1cccc2ccccc12,-1.15200309344505,0.9030471574376787
30,c1cccc2cccc(c12)[C@H](NCCCc1cc(C(F)(F)F)ccc1)C,4.137503523749935,2.8197503412591858
31,[H]OC(CCCCN(CCc1ccccc1OCc1ccc(CCc2ccccc2)cc1)Cc1ccc(cc1)C(=O)O[H])=O,-2.0588936890535687,-1.3820608377237795
32,c1cc(c(cc1I)F)Nc2c(ccc(c2F)F)C(=O)N3CC(C3)([C@@H]4CCCCN4)O,3.944858445807539,1.7019634785956876
33,COc1c(ccc2c1N=C(N3C2=NCC3)NC(=O)c4cnc(nc4)N)OCCCN5CCOCC5,3.3701642805402097,0.2154580104318901
34,C[C@H](c1c(ccc(c1Cl)F)Cl)Oc2cc(cnc2N)c3cnn(c3)C4CCNCC4,4.469234793667656,1.6890143616102025
35,COc1cc2c(cc1OCCCCCCC(=O)NO)c(ncn2)Nc3cccc(c3)C#C,-0.8365012677171204,-0.47812118607535176
36,O(C)C(C=C(C1)C(N=C(N[C@@H](CCC)C2C=CC=NC=2)C2C)=NC=2)=C(NC(NCC)=O)C=1,1.7697717392494479,0.5642101484414296
37,CC(C)(C)c1nc(c2cccc(NS(=O)(=O)c3c(F)cccc3F)c2F)c(s1)c4ccnc(N)n4,-0.6214883767462702,0.520584457013233
38,c1ccc2c(c1)c(c[nH]2)CCN(CCO)Cc3ccc(cc3)/C=C/C(=O)NO,1.1176950426697545,1.3431136365107266
39,COC(=O)N[C@@H](C(C)C)C(=O)N1CCC[C@H]1c2ncc([nH]2)c3ccc(cc3)c4ccc(cc4)c5cnc([nH]5)[C@@H]6CCCN6C(=O)[C@@H](NC(=O)OC)C(C)C,-0.5777669993169522,0.09667877738491308
40,CC(C)(C)OC(=O)N[C@H]1CCCCC\C=C/[C@@H]2C[C@]2(NC(=O)[C@@H]3C[C@H](CN3C1=O)OC(=O)N4Cc5cccc(F)c5C4)C(=O)NS(=O)(=O)C6CC6,-2.1844245711374275,-0.9007311368602419
41,N(C(=O)C(=CC=C1N(CCN2C)CC2)C=C1)C(C(=C1C2)CN2C([C@H](OC)C(=CC=C2)C=C2)=O)=NN1,1.3219280948873624,0.9517938432263635
42,[C@H]1([C@H]([C@@H]([C@H](C(O1)c1ccc(c(c1)Cc1ccc(cc1)OCC)Cl)O)O)O)CO,0.765534746362977,0.2381896821361768
43,c1(ccc(cc1)CSc1nc(=O)c2c(n1CC(=O)N(CCN(CC)CC)Cc1ccc(cc1)c1ccc(cc1)C(F)(F)F)CCC2)F,3.572889668420581,1.7173397603303053
44,CC(C)(C)c1cc(cc(c1OC)c2ccc3cc(ccc3c2)NS(=O)(=O)C)n4ccc(=O)[nH]c4=O,1.0908534304511135,0.13907700358208525
45,C1CCN2[C@@H](C1)C(=O)O[C@@H](CC(=O)[C@@H](C=C([C@H]([C@H](C(=O)[C@@H](C[C@@H](C=CC=CC=C([C@H](C[C@@H]1CC[C@H]([C@](C(=O)C2=O)(O1)O)C)OC)C)C)C)OC)O)C)C)[C@H](C)C[C@@H]1CC[C@H]([C@@H](C1)OC)OP(=O)(C)C,1.6780719051126378,0.9676198211000758
46,O=C(O)CCC(=O)O[C@@H]3CC[C@@]2(C)[C@H](/C=C/C1=CCOC1=O)C(=C)CC[C@@H]2[C@]3(C)COC(=O)CCC(=O)O,-2.9434164716336326,-1.6008622861724269
47,c1(cc(nc2n1ncc2CC)N1[C@@H](CCCC1)CCO)NCc1cn(=O)ccc1,-1.6438561897747246,0.1602871219499688
48,N1(CCN(CC1)C1CCCCCC1)C(=O)O[C@H]1C=C[C@@H]([C@H](OC(=O)C[C@@H](CC[C@@]1(C)O)O)C(=C\C=C\[C@](C[C@H]1O[C@@H]1[C@@H]([C@H](CC)O)C)(C)O)\C)C,3.3362833878644325,0.5661418102739901
49,CC(C)[C@@H](\C=C(/C)\C(=O)O)N(C)C(=O)[C@@H](NC(=O)[C@H]1CCCCN1C(C)C)C(C)(C)C,0.3334237337251918,-1.5745870568010438
50,N[C@@H](CCC(=O)O)C(N[C@H](C(N[C@H](C(N[C@H](C(N[C@H](C(N[C@H](C(N[C@@H]1C(N[C@H](C(N[C@H](C(N[C@H](C(N[C@H](C(N[C@H](C(N[C@H](C(NCC(N2[C@H](C(N[C@@H]3C(N[C@H](C(N[C@H](C(N[C@H](C(N[C@H](C(N4[C@H](C(N[C@H](C(N[C@H](C(N[C@H](C(N[C@H](C(N[C@H](C(N[C@H](C(N[C@H](C(N[C@H](C(N[C@H](C(N[C@H](C(N[C@@H]5C(N[C@H](C(N[C@H](C(N[C@H](C(N[C@H](C(N[C@H](C(NCC(NCC(N[C@H](C(N[C@H](C(NCC(N[C@H](C(N[C@H](C(N[C@H](C(N[C@H](C(N[C@H](C(N[C@H](C(N[C@H](C(N[C@H](C(N[C@H](C(N[C@H](C(N[C@H](C(N[C@H](C(N[C@H](C(N[C@H](C(N[C@H](C(N[C@H](C(N[C@H](C(N[C@H](C(O)=O)CC(=O)O)=O)CCCNC(N)=N)=O)[C@@H](O)C)=O)CSSC1)=O)CCSC)=O)CCCCN)=O)CCCCN)=O)CSSC5)=O)CCC(=O)O)=O)CCC(=O)O)=O)CC(C)C)=O)CO)=O)CCC(=O)O)=O)Cc1ccccc1)=O)CCCNC(N)=N)=O)CC(=O)N)=O)CCC(=O)N)=O)CC(=O)N)=O)=O)CCC(=O)O)=O)CSSC3)=O)=O)=O)Cc1ccc(cc1)O)=O)[C@@H](C)CC)=O)Cc1ccccc1)=O)CCC(=O)O)=O)CCC(=O)O)=O)=O)CCC(=O)N)=O)CCCNC(N)=N)=O)[C@@H](O)C)=O)Cc1ccccc1)=O)[C@@H](C)CC)=O)CC(=O)N)=O)Cc1ccccc1)=O)Cc1ccccc1)=O)Cc1c[nH]c3c1cccc3)=O)CCCNC(N)=N)=O)CCC4)=O)Cc1[nH]cnc1)=O)C)=O)C)=O)CCCNC(N)=N)=O)=O)CCC2)=O)=O)CC(=O)O)=O)CC(=O)O)=O)C)=O)CCCCN)=O)Cc1ccccc1)=O)C)=O)=O)Cc1ccccc1)=O)CO)=O)Cc1[nH]cnc1)=O)CCSC)=O)C)=O,-2.473931188332412,-1.9431285362070247
51,c1(nc2c(s1)CN(CC2)C)C(=O)N[C@H]1[C@@H](NC(=O)C(=O)Nc2ncc(Cl)cc2)CC[C@H](C(=O)N(C)C)C1,0.6135316529179271,0.07664377547646599
52,CC[C@H](C)CCC(=O)N[C@H](C(C)C)C(=O)N[C@@H]([C@@H](C)O)C(=O)N[C@@H](C(C)C)C(=O)N[C@H](C(C)C)C(=O)N1CCC[C@@H]1C(=O)N[C@@H](CCCN)C(=O)N[C@H]([C@@H](C)CC)C(=O)N[C@@H]2[C@H](OC(=O)[C@@H](NC(=O)/C(=C/C)/NC(=O)[C@@H](NC(=O)[C@H](NC(=O)[C@H](NC2=O)[C@@H](C)CC)C(C)C)Cc3ccccc3)C(C)C)C,2.4724877714627436,-1.6334790816983338
53,Cc1nc(cs1)/C=C(\C)/[C@@H]2C[C@H]3[C@H](N3CCOC(=O)OCCSSC[C@@H](C(=O)O)NC(=O)[C@H](CC(=O)O)NC(=O)[C@H](CCCNC(=N)N)NC(=O)[C@H](CC(=O)O)NC(=O)CC[C@@H](C(=O)O)NC(=O)c4ccc(cc4)NCc5c[nH]c-6nc(nc(=O)c6n5)N)CCC[C@@H]([C@@H]([C@H](C(=O)C([C@H](CC(=O)O2)O)(C)C)C)O)C,-3.473931188332412,-0.9704277473278637
54,CN(C)[C@H]1[C@@H]2C[C@@H]3Cc4c(cc(c(c4C(=O)C3=C([C@@]2(C(=O)C(=C1O)C(=O)N)O)O)O)NC(=O)CN5CCCC5)F,1.2016338611696504,0.8451827724903996
55,Cc1cc(C)c2N(C[C@@H]3CC[C@H](CC3)C(=O)O)CCC[C@H](N(Cc4cc(cc(c4)C(F)(F)F)C(F)(F)F)c5nnn(C)n5)c2c1,0.8639384504239717,0.432493593054908
56,O1C([C@@](c2cc3n(c(c2C1)=O)Cc1c2c4c(cc(c(c4CC[C@@H]2N)C)F)nc31)(CC)O)=O,-1.1844245711374275,0.37934984651342935
57,C[C@@H]1C[C@H]2C3C[C@@H](C4=CC(=O)C=C[C@@]4([C@]3([C@H](C[C@@]2([C@]1(C(=O)SCF)OC(=O)c5ccco5)C)O)F)C)F,2.3074285251922473,0.9510394421643459
58,CCCNc1nc(NCCC)nc(n1)N(C)OC,1.1176950426697545,0.12042549613142073
59,C(C)c1c2c(nn1CCOC)c(=O)nc([nH]2)c1c(OCC)ncc(c1)S(=O)(=O)N1CCN(CC1)CC,1.263034405833794,0.5847648182665914
60,N1(C(COCC1)CN(C1)C(=C(C(=NC2C)NNC(C(CC3CCCC3)CN(C=O)O)=O)F)N=2)C1,-0.4150374992788438,0.045671480795010364
61,c1cc(=O)n2c3c1ncc(=O)n3[C@@H](C2)CN4CCC(CC4)NCc5cc6c(cn5)OCCC6,1.4329594072761063,-0.06426894797269139
62,COc1cccc2c1c(NS(=O)(=O)c3ccc(Cl)s3)nn2Cc4cccc(CNC(=O)C(C)(C)O)c4,0.722466024471091,-1.4737932822800934
63,B1(c2c(cccc2OCCCO)[C@H](O1)CN)O,1.2448870591235344,0.0771609089661023
64,c1cc(nc(c1)C(=O)O)Cc2cc(ccc2OCc3ccc(cc3F)Cl)Cl,-0.3770696490798233,-1.1716886771634178
65,NC(C1=C(C=C(N(C2=C3)C=NC2=CC=C3CN4CCN(C)CC4)S1)O[C@H](C)C5=CC=CC=C5C(F)(F)F)=O,3.584962500721156,0.9993749558081316
66,C=CC(=O)N1CCCC(C1)[n@]2c3c(c(n2)c4ccc(cc4)Oc5ccccc5)c(ncn3)N,3.2854022188622483,0.16148792616412255
67,c12c(ccc(c1)Cl)[nH]c(c2P(=O)(c1cc(cc(c1)/C=C/C#N)C)OC)C(=O)N,-0.8365012677171204,0.8266674759727021
68,c12c(ccc(c1F)Cl)[nH]c(c2P(=O)(c1cc(cc(c1)/C=C/C#N)C)OC)C(=O)N,-0.043943347587597055,0.673613292291149
69,[C@@H](O)(c1ccc(c2c1ccc(=O)[nH]2)O)CNC1Cc2c(C1)cc(c(c2)CC)CC,4.277984747299765,1.162383439202537
70,CC(C)C[C@H](NC(=O)CNC(=O)c1cc(Cl)ccc1Cl)B(O)O,1.8519988371124463,0.22227053264925747
71,CCc1c(cc(c(c1CC(=O)N(CCOC)CCOC)C(=O)c2ccc(c(c2)OC)OCCN3CCOCC3)O)O,0.40053792958372886,-0.11185105394279833
72,CS(=O)(=O)c1cc(cc2c1n(c3c2CC[C@@H]3CC(=O)O)Cc4ccc(cc4)Cl)F,0.0,-1.4423111782411784
73,C[C@@H]1CC[C@@]23CCC(=O)[C@H]2[C@]1(C)[C@@H](C[C@@](C)(C=C)[C@@H](O)[C@@H]3C)OC(=O)CS[C@@H]4CC[C@@H](N)C[C@H]4O,0.40053792958372886,0.5581240938760341
74,c1ccc2c(c1)c(ccc2n3c(nnc3Br)SCC(=O)O)C4CC4,-1.7858751946471527,-1.9839575001159921
75,CC#CCN1C(=NC2=C1C(=O)N(CC1=NC3=C(C=CC=C3)C(C)=N1)C(=O)N2C)N1CCC[C@@H](N)C1,4.0,0.7943891660442632
76,"C[C@@H](Cc1ccccc1)NC(=O)[C@H](CCCCN)N
",-0.7369655941662062,0.1520564884950338
77,CC1=C(C=C(C=C1F)C(=O)NC1CC1)C1=CC=C(C=N1)C(=O)NCC(C)(C)C,0.7398481026993274,0.6313687732372173
78,Cc1cc2c(c(c1OC)O)[C@@H]3[C@@H]4[C@H]5c6c(c7c(c(c6OC(=O)C)C)OCO7)[C@@H](N4[C@H]([C@H](C2)N3C)O)COC(=O)[C@@]8(CS5)c9c(c1cc(ccc1[nH]9)OC)CCN8,2.867896463992655,2.266402479269512
79,C1(C2C3C(N(C(C=3C(N=C(N3C=CC4)C=4)=C3)=O)[H])=O)[C@@H](N(C=2)C2)[C@@H](C=C(C=1)F)CN(C2)C(=O)N(CCCC1)C1,0.2630344058337938,0.32351336310498896
80,S1(=O)(=O)C[C@@]([C@H]2[C@@H]1[C@@H]2C(=O)O)(NC(=O)[C@H](CCSC)N)C(=O)O,-1.1844245711374275,-1.404810526104586
81,S1(=O)(=O)[C@@H]2[C@H]([C@](C1)(N)C(=O)O)[C@H]2C(=O)O,-2.2515387669959646,-1.4854929867102156
82,[H]N(C(C1CCC(CC1)(F)F)=O)[C@H](CCN1[C@H]2CC[C@@H]1CC(C2)n1c(C)nnc1C(C)C)c1ccccc1,1.2016338611696504,1.5559166134797013
83,Cc1c(ccc2c1OC[C@H]([C@H]2c3ccc(cc3)O)c4ccc(cc4)O)O,0.2630344058337938,1.2555322416307126
84,C[C@H]1C(=O)N[C@H](C(=O)N[C@H](C(=O)N[C@H]2CSSC[C@@H](C(=O)N[C@H](C(=O)N[C@H](C(=O)N[C@H](C(=O)N[C@H](C(=O)N[C@H](C(=O)N[C@H](C(=O)N[C@H](C(=O)N[C@H](C(=O)N1)CCC(=O)O)CC(=O)O)C)CCC(=O)N)C(C)C)Cc3ccccc3)CC(=O)O)CO)NC(=O)[C@@H](NC(=O)[C@@H]4CCCN4C(=O)[C@@H](NC(=O)[C@@H](NC(=O)[C@@H](NC2=O)Cc5ccc(cc5)O)CC(=O)N)CC(=O)O)CCCCN)CCCNC(=N)N)CCCNC(=N)N,-1.3959286763311392,-1.6613093033305284
85,C[C@H](c1c2ccccc2sc1CCN(C)C)c1ccccn1,0.8718436485093178,2.0833381912184215
86,CN(C)CCC1Cc2cc(ccc2C=1Cc1cccnn1)F,0.1505596765753814,1.3779603420301458
87,C[C@H](C1=C(CCN(C)C)Cc2ccccc12)c1cnccn1,0.8953026213333067,1.7490049068079059
88,C[C@@H](c1cccnc1F)c1c2ccccc2sc1CCN(C)C,2.5185351389821804,2.6928636176488556
89,C(C(=C(N1C2CC2)C(=C2N(C[C@](C[C@]3([H])C)(N)[H])C3)OC)C=C2)(C(=C1)C(O)=O)=O,0.925999418556223,0.14669904991327465
90,Cc1ccccc1c2cc(ncc2N(C)C(=O)C(C)(C)c3cc(cc(c3)C(F)(F)F)C(F)(F)F)N4CCN(CC4)C,2.4698859762744636,2.11486078913082
91,CN1CCN(CC1)CC(=O)N(C)c2ccc(cc2)N/C(=C\3/c4ccc(cc4NC3=O)C(=O)OC)/c5ccccc5,3.9068905956085187,1.0586564030521226
92,CC(C)(C[C@@H](C(=O)NC1(CC1)C#N)N[C@@H](c2ccc(cc2)c3ccc(cc3)S(=O)(=O)C)C(F)(F)F)F,0.7048719644563528,0.34366709104117765
93,COc1ccsc1CNCC[C@]2(CCOC3(C2)CCCC3)c4ccccn4,-0.3584539709124763,1.2723576501500802
94,O=C(N1)COC2=C1C=C(O)C=C2[C@@H](O)CNC(C)(CC3=CC=C(OC)C=C3)C,3.986410935252045,1.2856151168001966
95,CN(C)[C@H]1[C@@H]2C[C@@H]3Cc4c(cc(CNCC(C)(C)C)c(O)c4C(=O)C3=C(O)[C@]2(O)C(=O)C(=C1O)C(=O)N)N(C)C,1.4329594072761063,0.479460515688095
96,CC(C)[C@@H](C(=O)N1CCC[C@H]1C(=O)Nc2ccc(cc2)[C@@H]3CC[C@H](N3c4ccc(cc4)C(C)(C)C)c5ccc(cc5)NC(=O)[C@@H]6CCCN6C(=O)[C@H](C(C)C)NC(=O)OC)NC(=O)OC,1.2141248053528473,0.19581212108284357
97,O[C@H](/C=C/[C@@H]1N(CCSCCCC(O)=O)C(CC1)=O)CC2=CC=C(F)C=C2,-1.0588936890535685,-1.6223773246097364
98,COc3cccc(c13)c(C(=O)N(CC2C)CCN2C)cn1CC4CCCCC4,0.0,1.3782998791144987
99,Cc1cnc(cn1)C(=O)N[C@H]2CCCCC/C=C\[C@@H]3C[C@]3(NC(=O)[C@@H]4C[C@H](CN4C2=O)Oc5c6ccccc6c7ccccc7n5)C(=O)NS(=O)(=O)C8CC8,0.4541758931858021,-1.3848507154133742
100,Cc1ccc(cc1S(=O)(=O)N)Nc2nccc(n2)N(C)c3ccc4c(n(nc4c3)C)C,-2.643856189774725,0.26428004895109014
101,c1ccc(cc1)n2cc(cc(c2=O)c3ccccc3C#N)c4ccccn4,0.44360665147561484,0.17370576072142588
102,c1ccc2c(c1)CC[C@@H]2Nc3c4ccn(c4ncn3)[C@@H]5C[C@H]([C@H](C5)O)COS(=O)(=O)N,1.5945485495503542,0.018083295824256072
103,CN(C)C1CCN(CC1)C(=O)c2ccc(cc2)NC(=O)Nc3ccc(cc3)c4nc(nc(n4)N5CCOCC5)N6CCOCC6,1.2570106182060239,0.5751638624707003
104,ON(CC1)C(C2=C1C(C=C3)=C(C=N2)N3CC4=C(OC)C=C(F)C=C4)=O,2.5109619192773796,-1.2222691616693995
105,Ic1cc(F)c(Nc2c(C(=O)NC[C@H](O)CO)ccnc2)cc1,0.84799690655495,-0.042610927857005994
106,O([C@@H]([C@H](NC([C@H](CCN)O)=O)C1)[C@@H](O)[C@@H]([C@H]1N)O[C@@]1([C@H](N)CC=C(O1)CNCCO)[H])[C@]([C@H](O)[C@@H](NC)[C@@]1(C)O)(OC1)[H],-2.1844245711374275,-1.694254123439928
107,c1(=C\c2c([nH]cn2)C(C)(C)C)\[nH]c(=O)/c(=C/c2ccccc2)[nH]c1=O,1.584962500721156,-1.4699272799246474
108,CCC/N=C\1/N(C(=O)/C(=C/c2ccc(c(c2)Cl)OC[C@@H](CO)O)/S1)c3ccccc3C,1.189033824390017,1.4789500460607412
109,N(CCO[S](C)(=O)=O)(CC[Br])C(=C(C(NCCO[P](=O)(O)O)=O)C=C1N(=O)=O)C(N(=O)=O)=C1,-0.2175914350726268,-1.209734254734663
110,C#CC[C@H](Cc1cnc2c(n1)c(nc(n2)N)N)c3ccc(cc3)C(=O)N[C@@H](CCC(=O)O)C(=O)O,-0.9159357352115255,-1.109819931333653
111,C#CC[C@@H](Cc1cnc2c(n1)c(nc(n2)N)N)c3ccc(cc3)C(=O)N[C@@H](CCC(=O)O)C(=O)O,0.5849625007211562,-1.109819931333653
112,COc1cccc(OCCCN)c1c2cc(Nc3cnc(cn3)C#N)n[nH]2,4.507794640198696,0.8444581781637253
113,OC[C@@H]1[C@@H](O)[C@@H](O)[C@@H](O1)n1cnc2c(N)nc(nc12)n1ncc(c1)C(=O)NC,-0.08926733809708741,-0.6222741697714887
114,Brc3cc2\C(=N/[C@H](c1ncc(n1c2cc3)C)CCC(=O)OC)c4ncccc4,-1.1844245711374275,1.3995232342374877
115,N(C(=O)NN1CCOCC1)c1c2C(=O)c3c([nH]nc3c3ccc(cc3)CN3CCN(CC3)CCOC)c2ccc1,2.560714954474479,1.0127368290005239
116,COc1ccc(cc1NCC(=O)O)CS(=O)(=O)/C=C/c2c(cc(cc2OC)OC)OC,-3.1844245711374275,-1.5706542443324403
117,CN(c1c(nc(nc1N)c2c3cccnc3n(n2)Cc4ccccc4F)N)C(=O)OC,-1.1844245711374275,0.3691902712402621
118,C1OCCN(c2ccc(cc2)N2C(O[C@H](C2)CNC(c2sc(cc2)Cl)=O)=O)C1=O,-0.5145731728297583,0.45898964393412234
119,O=C(C(C(Cl)=CC=C1)=C1C)N[C@H](C(O)=O)CC2=CC=C(NC(C(C(Cl)=CN=C3)=C3Cl)=O)C=C2,-1.736965594166206,-1.8219649305840833
120,CC(C)c1nc(nc(c2ccc(F)cc2)c1\C=C\[C@@H](O)C[C@@H](O)CC(=O)O)N(C)S(=O)(=O)C,0.765534746362977,-1.6730799647029488
121,CNCc1ccc(cc1)c2[nH]c3cc(F)cc4C(=O)NCCc2c34,1.713695814843359,1.2320140183261625
122,O=C(NC1=NC2=CC=C(C=C2S1)SC3=NN=C4C=CC(C5=CC=C(C=C5)F)=NN43)NCCN6CCOCC6,2.035623909730721,0.20451821201837325
123,N1([C@H](CC2[C@H]1C2)C#N)C(=O)[C@@H](C12CC3CC(C1)(O)CC(C3)C2)N,0.84799690655495,-0.4124422266149127
124,N[C@@H](CC(=O)N1CCn2c(C1)nnc2C(F)(F)F)Cc3cc(F)c(F)cc3F,1.4854268271702415,0.8528230447935259
125,N1CCC(CC1)C(=O)Nc1sc(cn1)SCc1oc(cn1)C(C)(C)C,2.361768359419153,1.2203209656187293
126,O=C(O[C@H]1CN2CCC1CC2)N3CCc4ccccc4[C@@H]3c5ccccc5,3.035623909730721,1.365485071941187
127,"N[C@@H]([C@H](O)C)C(=O)N[C@@H](CCCCN)C(=O)N[C@@H](Cc1ccccc1)C(=O)N[C@@H]([C@H](O)C)C(=O)N[C@@H](C(C(C)C))C(=O)N[C@@H](CO)C(=O)N[C@@H](C(C(C)C))C(=O)N[C@@H](CC(=O)O)C(=O)N[C@@H](C(C)C)C(=O)N1[C@@H](CCC1)C(=O)N[C@@H]([C@H](O)C)C(=O)N[C@@H](CC(=O)N)C(=O)N[C@@H]([C@@H](C)CC)C(=O)N[C@@H](CCSC)C(=O)N[C@@H](CC(=O)N)C(=O)N[C@@H](C(C(C)C))C(=O)N[C@@H](C(C(C)C))C(=O)N[C@@H](Cc1ccccc1)C(=O)N[C@@H](CC(=O)N)C(=O)N[C@@H]([C@@H](C)CC)C(=O)N[C@@H](C)C(=O)N[C@@H](CCCCN)C(=O)N[C@@H](C)C(=O)N[C@@H](CCCCN)C(=O)N[C@@H](CC(=O)N)C(=O)N[C@@H](C(C(C)C))C(=O)N[C@@H](CCCNC(=N)N)C(=O)N[C@@H](C)C(=O)N[C@@H](CCC(=O)N)C(=O)N[C@@H](C)C(=O)N[C@@H](C)C(=O)N[C@@H](C)C(=O)N[C@@H](CC(=O)N)C(=O)N[C@@H](C)C(=O)N[C@@H](Cc1c[nH]cn1)C(=O)N[C@@H](C(C(C)C))C(=O)N[C@@H](CCSC)C(=O)N[C@@H](C)C(=O)N[C@@H](CCC(=O)N)C(=O)N[C@@H]([C@@H](C)CC)C(=O)N
",1.3219280948873624,-2.075306587758683
128,C(SCCC(=O)O)[C@@H]1[C@H]2O[C@H]3O[C@H](CSCCC(=O)O)[C@H]([C@@H]([C@H]3O)O)O[C@H]3O[C@H](CSCCC(=O)O)[C@H]([C@@H]([C@H]3O)O)O[C@H]3O[C@H](CSCCC(=O)O)[C@H]([C@@H]([C@H]3O)O)O[C@H]3O[C@@H]([C@@H](O[C@H]4O[C@@H]([C@@H](O[C@H]5O[C@@H]([C@@H](O[C@H]6OC([C@@H](O[C@@H](O1)[C@@H]([C@H]2O)O)[C@H](O)[C@H]6O)CSCCC(=O)O)[C@H](O)[C@H]5O)CSCCC(=O)O)[C@H](O)[C@H]4O)CSCCC(=O)O)[C@@H]([C@H]3O)O)CSCCC(=O)O,-2.473931188332412,-1.6641336495148438
129,Cc1ccc(c(c1)C(=O)N2CCN(CC[C@H]2C)c3nc4cc(ccc4o3)Cl)n5nccn5,-0.5353317329965557,0.8469910338525483
130,Cn1nc(nn1)c2ccc(cn2)c3ccc(cc3F)N4C[C@@H](OC4=O)CO,-0.13606154957602837,0.3027325508024915
131,CCCCCCCCCCNCCN[C@@]1(C)C[C@H](O[C@@H]2[C@@H](O)[C@H](O)[C@@H](CO)O[C@H]2Oc3c4Oc5ccc(cc5Cl)[C@@H](O)[C@@H](NC(=O)[C@@H](CC(C)C)NC)C(=O)N[C@@H](CC(=O)N)C(=O)N[C@H]6C(=O)N[C@H]7C(=O)N[C@@H]([C@H](O)c8ccc(Oc3cc6c4)c(Cl)c8)C(=O)N[C@H](C(=O)O)c9cc(O)c(CNCP(=O)(O)O)c(O)c9c%10cc7ccc%10O)O[C@@H](C)[C@H]1O,-3.1844245711374275,-1.175849078848609
132,O=c1n(c2c([nH]1)nccc2)C1CCN(CC1)C(=O)N[C@H]1C(=O)N(CC(F)(F)F)C[C@@H](CC1)c1c(F)c(F)ccc1,-0.2175914350726268,-0.08606786428288025
133,CCc1c2cc(ccc2nc-3c1Cn4c3cc5c(c4=O)COC(=O)[C@@]5(CC)O)OC(=O)CCC(=O)Oc6c(c(c7c(c6C)CC[C@@](O7)(C)CCC[C@H](C)CCC[C@H](C)CCCC(C)C)C)C,-2.736965594166206,0.08610713242731682
134,C(OP(=O)(NCCBr)NCCBr)c1n(C)c(nc1)N(=O)=O,-0.6438561897747246,-0.09535639767099809
135,Sc1nc(N[C@@H]2C[C@H]2c3ccc(F)c(F)c3)c4nnn([C@@H]5C[C@H](OCCO)[C@@H](O)[C@H]5O)c4n1,0.32192809488736235,-0.939428698638611
136,[C@@H]1([C@H](CN(CC1)C(=O)CC#N)N(c1ncnc2[nH]ccc12)C)C,0.3103401206121505,0.5687216380882556
137,CCc1ccc(cc1)Cc2ccc3c(c2)[C@]4([C@@H]([C@H]([C@@H]([C@H](O4)CO)O)O)O)OC3,-0.6665762662748083,0.20975082901225067
138,C12(CCC(CC1)(CC2)c1[nH]c2c(n(c(n(c2n1)CCC)=O)CCC)=O)CCC(=O)O,-0.3959286763311392,-1.2604178819090643
139,c1(cc(nc(n1)Sc1ccc(cc1)NC(=O)C1CC1)N1CCN(CC1)C)Nc1n[nH]c(c1)C,2.350497247084133,1.9316881841839586
140,CC1=C2C(=C(N(C1=O)C)NC3=C(C=C(C=C3)I)F)C(=O)N(C(=O)N2C4=CC=CC(=C4)NC(=O)C)C5CC5,3.8011586560936985,0.6149921950708233
141,[H]N1CCCc2ccccc2O[C@H](C)CN([H])[C@@H](C2CC2)C(N(C)[C@H](C)C(N([H])[C@H](Cc2ccc(cc2)F)C1=O)=O)=O,-3.321928094887362,1.0899668350531106
142,c1ccc(cc1)COCC[N+]23CCC(CC2)(CC3)C(c4ccccc4)(c5ccccc5)O,0.29865831556451516,0.1224448125455798
143,B1([C@H](CC[C@H](O1)CC(=O)O)NC(=O)Cc2cccs2)O,-1.7858751946471527,-1.6173119705457604
144,CC(C)C[C@@H]1CN2CCc3cc(c(cc3[C@H]2C[C@H]1OC(=O)[C@H](C(C)C)N)OC)OC,0.3895668117627256,1.3272998566455023
145,C[C@H](C(=O)N[C@H](CCCNC(=N)N)C(=O)N)NC(=O)[C@@H](CCCNC(=N)N)NC(=O)[C@@H](CCCNC(=N)N)NC(=O)[C@@H](CCCNC(=N)N)NC(=O)[C@@H](C)NC(=O)[C@@H](CSSC[C@@H](C(=O)O)N)NC(=O)C,0.9855004303048849,-1.6537808462918604
146,c1(c(cc(cc1)CCO[C@H]1[C@@H](CCCC1)N1C[C@@H](CC1)O)OC)OC,0.84799690655495,1.3040739040495664
147,Cc1cc(ccc1[C@H]2CNCCN2C(=O)N(C)[C@H](C)c3cc(cc(c3)C(F)(F)F)C(F)(F)F)F,1.925999418556223,1.7721518565169663
148,c1cc(c(c(c1)Cl)COCCOCCCCCCNC[C@@H](c2ccc(c(c2)CO)O)O)Cl,1.250961573533219,1.4116171459670257
149,[H]N(CC(N1CCC[C@@H]1C#N)=O)C12C[C@@H]3C[C@H](C1)CC(C3)(C2)O[H],0.04264433740849372,0.40674732287596116
150,n1ccccc1c1c(ccc(c1)NC(=O)c1c(cc(cc1)S(=O)(=O)C)Cl)Cl,-2.1202942337177118,0.17980151010800832
151,C(=O)(c1cc(c(cc1)Nc1nc2c(cn1)N(C(=O)[C@H](N2C(C)C)CC)C)OC)N[C@H]1CC[C@@H](CC1)N1CCN(CC1)CC1CC1,6.330916878114617,1.1501310830124538
152,CCOC(=O)N[C@@H]1CC[C@@H]2[C@@H](C1)C[C@@H]3[C@@H]([C@@H](C)OC3=O)[C@H]2\C=C\c4ccc(cn4)c5cccc(F)c5,1.903038270112912,0.7132367102195272
153,CC1=CC=C(SC2=C(C=CC=C2)N2CCNCC2)C(C)=C1,5.141596278383818,2.931443799865312
154,C[C@@H]([C@H](C(=O)N[C@H]([C@H](C)O)C(=O)N1CCC[C@@H]1C(=O)N[C@H](CCCNC(=N)N)C(=O)N[C@H](CCCCN)C(=O)N2CCC[C@@H]2C(=O)N[C@H](CCCNC(=N)N)C(=O)N3CCC[C@@H]3C(=O)N4CCC[C@@H]4C(=O)N[C@H](CCCNC(=N)N)C(=O)N[C@H](CCCNC(=N)N)C(=O)N[C@H](CCCNC(=N)N)C(=O)N[C@H](CCC(=O)N)C(=O)N[C@H](CCCNC(=N)N)C(=O)N[C@H](CCCNC(=N)N)C(=O)N[C@H](CCCCN)C(=O)N[C@H](CCCCN)C(=O)N[C@H](CCCNC(=N)N)C(=O)NCC(=O)O)NC(=O)[C@@H](CC(C)C)NC(=O)[C@@H](CC(=O)N)NC(=O)[C@@H](CC(C)C)NC(=O)[C@@H](Cc5ccccc5)NC(=O)[C@H]6CCCN6C(=O)[C@@H](CCC(=O)N)NC(=O)[C@@H](C(C)C)NC(=O)[C@H]7CCCN7C(=O)[C@@H](CCCNC(=N)N)NC(=O)[C@@H](CO)NC(=O)[C@@H](CCC(=O)N)NC(=O)[C@@H](CC(=O)O)N)O,-2.1844245711374275,-2.050024781849768
155,c1(n(c2c(C(=O)c3ccccc3C2=O)[n+]1Cc1cnccn1)CCOC)C,4.5668151540108965,0.084172506551895
156,FC(F)(F)c1cccc(c1)/C=C/C(=O)NC[C@H]2c7c(C[C@@H]5N2[C@@H](O)[C@@H]4Cc3cc(C)c(OC)c(O)c3[C@H]5N4C)c(OC(C)=O)c(C)c6OCOc67,3.655351828612554,1.5448264305573212
